--------------------------------------------------------
--  File created - Friday-May-26-2017   
--------------------------------------------------------
--------------------------------------------------------
--  DDL for Table ACCESS_GROUPS
--------------------------------------------------------

  CREATE TABLE "ITSTOCK"."ACCESS_GROUPS" 
   (	"ID" NUMBER, 
	"NAME" VARCHAR2(50 BYTE)
   ) SEGMENT CREATION IMMEDIATE 
  PCTFREE 10 PCTUSED 40 INITRANS 1 MAXTRANS 255 
 NOCOMPRESS LOGGING
  STORAGE(INITIAL 65536 NEXT 1048576 MINEXTENTS 1 MAXEXTENTS 2147483645
  PCTINCREASE 0 FREELISTS 1 FREELIST GROUPS 1
  BUFFER_POOL DEFAULT FLASH_CACHE DEFAULT CELL_FLASH_CACHE DEFAULT)
  TABLESPACE "USERS" ;
--------------------------------------------------------
--  DDL for Table ACCESS_GROUPS_METHODS
--------------------------------------------------------

  CREATE TABLE "ITSTOCK"."ACCESS_GROUPS_METHODS" 
   (	"ID" NUMBER, 
	"ACCESS_GROUP_ID" NUMBER, 
	"METHOD_ID" NUMBER
   ) SEGMENT CREATION IMMEDIATE 
  PCTFREE 10 PCTUSED 40 INITRANS 1 MAXTRANS 255 
 NOCOMPRESS LOGGING
  STORAGE(INITIAL 65536 NEXT 1048576 MINEXTENTS 1 MAXEXTENTS 2147483645
  PCTINCREASE 0 FREELISTS 1 FREELIST GROUPS 1
  BUFFER_POOL DEFAULT FLASH_CACHE DEFAULT CELL_FLASH_CACHE DEFAULT)
  TABLESPACE "USERS" ;
--------------------------------------------------------
--  DDL for Table ADMINS
--------------------------------------------------------

  CREATE TABLE "ITSTOCK"."ADMINS" 
   (	"ID" NUMBER, 
	"NAME" VARCHAR2(50 BYTE), 
	"PASSWORD_HASH" VARCHAR2(100 BYTE), 
	"ACCESS_GROUP_ID" NUMBER, 
	"USERNAME" VARCHAR2(50 BYTE), 
	"EMAIL" VARCHAR2(50 BYTE), 
	"NOTIFICATION" VARCHAR2(10 BYTE)
   ) SEGMENT CREATION IMMEDIATE 
  PCTFREE 10 PCTUSED 40 INITRANS 1 MAXTRANS 255 
 NOCOMPRESS LOGGING
  STORAGE(INITIAL 65536 NEXT 1048576 MINEXTENTS 1 MAXEXTENTS 2147483645
  PCTINCREASE 0 FREELISTS 1 FREELIST GROUPS 1
  BUFFER_POOL DEFAULT FLASH_CACHE DEFAULT CELL_FLASH_CACHE DEFAULT)
  TABLESPACE "USERS" ;
--------------------------------------------------------
--  DDL for Table BRANDS
--------------------------------------------------------

  CREATE TABLE "ITSTOCK"."BRANDS" 
   (	"ID" NUMBER, 
	"NAME" VARCHAR2(50 BYTE)
   ) SEGMENT CREATION IMMEDIATE 
  PCTFREE 10 PCTUSED 40 INITRANS 1 MAXTRANS 255 
 NOCOMPRESS LOGGING
  STORAGE(INITIAL 65536 NEXT 1048576 MINEXTENTS 1 MAXEXTENTS 2147483645
  PCTINCREASE 0 FREELISTS 1 FREELIST GROUPS 1
  BUFFER_POOL DEFAULT FLASH_CACHE DEFAULT CELL_FLASH_CACHE DEFAULT)
  TABLESPACE "USERS" ;
--------------------------------------------------------
--  DDL for Table CLIENTS
--------------------------------------------------------

  CREATE TABLE "ITSTOCK"."CLIENTS" 
   (	"ID" NUMBER, 
	"NAME" VARCHAR2(100 BYTE)
   ) SEGMENT CREATION IMMEDIATE 
  PCTFREE 10 PCTUSED 40 INITRANS 1 MAXTRANS 255 
 NOCOMPRESS LOGGING
  STORAGE(INITIAL 65536 NEXT 1048576 MINEXTENTS 1 MAXEXTENTS 2147483645
  PCTINCREASE 0 FREELISTS 1 FREELIST GROUPS 1
  BUFFER_POOL DEFAULT FLASH_CACHE DEFAULT CELL_FLASH_CACHE DEFAULT)
  TABLESPACE "USERS" ;
--------------------------------------------------------
--  DDL for Table ITEMS
--------------------------------------------------------

  CREATE TABLE "ITSTOCK"."ITEMS" 
   (	"ID" NUMBER, 
	"LABEL" VARCHAR2(255 BYTE), 
	"LOCATION_ID" NUMBER DEFAULT 148, 
	"BRAND_ID" NUMBER DEFAULT 184, 
	"SERIAL_NUMBER" VARCHAR2(255 BYTE), 
	"CONDITION_ID" NUMBER, 
	"NOTES" VARCHAR2(255 BYTE) DEFAULT 1, 
	"AVAILABILITY" VARCHAR2(100 BYTE) DEFAULT 1, 
	"TYPE_ID" NUMBER, 
	"DELETED" NUMBER DEFAULT 0, 
	"CURRENT_LOCATION_ID" NUMBER DEFAULT 0, 
	"MODEL" VARCHAR2(50 BYTE), 
	"KEYWORD" VARCHAR2(50 BYTE), 
	"IMAGE" VARCHAR2(100 BYTE), 
	"WARRANTY_START_DATE" DATE, 
	"WARRANTY_END_DATE" DATE
   ) SEGMENT CREATION IMMEDIATE 
  PCTFREE 10 PCTUSED 40 INITRANS 1 MAXTRANS 255 
 NOCOMPRESS LOGGING
  STORAGE(INITIAL 65536 NEXT 1048576 MINEXTENTS 1 MAXEXTENTS 2147483645
  PCTINCREASE 0 FREELISTS 1 FREELIST GROUPS 1
  BUFFER_POOL DEFAULT FLASH_CACHE DEFAULT CELL_FLASH_CACHE DEFAULT)
  TABLESPACE "USERS" ;
--------------------------------------------------------
--  DDL for Table ITEMSPECVALUES
--------------------------------------------------------

  CREATE TABLE "ITSTOCK"."ITEMSPECVALUES" 
   (	"ID" NUMBER, 
	"VALUE" VARCHAR2(50 BYTE), 
	"ITEM_ID" NUMBER, 
	"SPEC_ID" NUMBER
   ) SEGMENT CREATION IMMEDIATE 
  PCTFREE 10 PCTUSED 40 INITRANS 1 MAXTRANS 255 
 NOCOMPRESS LOGGING
  STORAGE(INITIAL 65536 NEXT 1048576 MINEXTENTS 1 MAXEXTENTS 2147483645
  PCTINCREASE 0 FREELISTS 1 FREELIST GROUPS 1
  BUFFER_POOL DEFAULT FLASH_CACHE DEFAULT CELL_FLASH_CACHE DEFAULT)
  TABLESPACE "USERS" ;
--------------------------------------------------------
--  DDL for Table ITEM_CONDITIONS
--------------------------------------------------------

  CREATE TABLE "ITSTOCK"."ITEM_CONDITIONS" 
   (	"ID" NUMBER, 
	"NAME" VARCHAR2(20 BYTE)
   ) SEGMENT CREATION IMMEDIATE 
  PCTFREE 10 PCTUSED 40 INITRANS 1 MAXTRANS 255 
 NOCOMPRESS LOGGING
  STORAGE(INITIAL 65536 NEXT 1048576 MINEXTENTS 1 MAXEXTENTS 2147483645
  PCTINCREASE 0 FREELISTS 1 FREELIST GROUPS 1
  BUFFER_POOL DEFAULT FLASH_CACHE DEFAULT CELL_FLASH_CACHE DEFAULT)
  TABLESPACE "USERS" ;
--------------------------------------------------------
--  DDL for Table LOCATIONS
--------------------------------------------------------

  CREATE TABLE "ITSTOCK"."LOCATIONS" 
   (	"ID" NUMBER, 
	"NAME" VARCHAR2(50 BYTE)
   ) SEGMENT CREATION IMMEDIATE 
  PCTFREE 10 PCTUSED 40 INITRANS 1 MAXTRANS 255 
 NOCOMPRESS LOGGING
  STORAGE(INITIAL 65536 NEXT 1048576 MINEXTENTS 1 MAXEXTENTS 2147483645
  PCTINCREASE 0 FREELISTS 1 FREELIST GROUPS 1
  BUFFER_POOL DEFAULT FLASH_CACHE DEFAULT CELL_FLASH_CACHE DEFAULT)
  TABLESPACE "USERS" ;
--------------------------------------------------------
--  DDL for Table METHODS
--------------------------------------------------------

  CREATE TABLE "ITSTOCK"."METHODS" 
   (	"ID" NUMBER, 
	"NAME" VARCHAR2(50 BYTE)
   ) SEGMENT CREATION IMMEDIATE 
  PCTFREE 10 PCTUSED 40 INITRANS 1 MAXTRANS 255 
 NOCOMPRESS LOGGING
  STORAGE(INITIAL 65536 NEXT 1048576 MINEXTENTS 1 MAXEXTENTS 2147483645
  PCTINCREASE 0 FREELISTS 1 FREELIST GROUPS 1
  BUFFER_POOL DEFAULT FLASH_CACHE DEFAULT CELL_FLASH_CACHE DEFAULT)
  TABLESPACE "USERS" ;
--------------------------------------------------------
--  DDL for Table RECEIPTS
--------------------------------------------------------

  CREATE TABLE "ITSTOCK"."RECEIPTS" 
   (	"ID" NUMBER, 
	"CLIENT_ID" NUMBER, 
	"NOTES" VARCHAR2(255 BYTE), 
	"STATUS" VARCHAR2(50 BYTE), 
	"COUNTRY" VARCHAR2(50 BYTE), 
	"RECEIVER_ID" NUMBER
   ) SEGMENT CREATION IMMEDIATE 
  PCTFREE 10 PCTUSED 40 INITRANS 1 MAXTRANS 255 
 NOCOMPRESS LOGGING
  STORAGE(INITIAL 65536 NEXT 1048576 MINEXTENTS 1 MAXEXTENTS 2147483645
  PCTINCREASE 0 FREELISTS 1 FREELIST GROUPS 1
  BUFFER_POOL DEFAULT FLASH_CACHE DEFAULT CELL_FLASH_CACHE DEFAULT)
  TABLESPACE "USERS" ;
--------------------------------------------------------
--  DDL for Table RECORDS
--------------------------------------------------------

  CREATE TABLE "ITSTOCK"."RECORDS" 
   (	"ID" NUMBER, 
	"RETURN_DATETIME" TIMESTAMP (6), 
	"BORROW_DATETIME" TIMESTAMP (6), 
	"ADMIN_CHECKER_ID" NUMBER, 
	"ADMIN_RECEIVER_ID" NUMBER, 
	"CLIENT_BORROWER_ID" NUMBER, 
	"CLIENT_RETURNER_ID" NUMBER, 
	"RECEIPT_ID" NUMBER, 
	"ITEM_ID" NUMBER, 
	"DELETED" VARCHAR2(50 BYTE) DEFAULT 0, 
	"EXPECTED_DATE" DATE, 
	"NOTES" VARCHAR2(50 BYTE), 
	"RETURNING" NUMBER DEFAULT 1
   ) SEGMENT CREATION IMMEDIATE 
  PCTFREE 10 PCTUSED 40 INITRANS 1 MAXTRANS 255 
 NOCOMPRESS LOGGING
  STORAGE(INITIAL 65536 NEXT 1048576 MINEXTENTS 1 MAXEXTENTS 2147483645
  PCTINCREASE 0 FREELISTS 1 FREELIST GROUPS 1
  BUFFER_POOL DEFAULT FLASH_CACHE DEFAULT CELL_FLASH_CACHE DEFAULT)
  TABLESPACE "USERS" ;
--------------------------------------------------------
--  DDL for Table REMOTE_LOCATIONS
--------------------------------------------------------

  CREATE TABLE "ITSTOCK"."REMOTE_LOCATIONS" 
   (	"ID" NUMBER, 
	"NAME" VARCHAR2(50 BYTE)
   ) SEGMENT CREATION IMMEDIATE 
  PCTFREE 10 PCTUSED 40 INITRANS 1 MAXTRANS 255 
 NOCOMPRESS LOGGING
  STORAGE(INITIAL 65536 NEXT 1048576 MINEXTENTS 1 MAXEXTENTS 2147483645
  PCTINCREASE 0 FREELISTS 1 FREELIST GROUPS 1
  BUFFER_POOL DEFAULT FLASH_CACHE DEFAULT CELL_FLASH_CACHE DEFAULT)
  TABLESPACE "USERS" ;
--------------------------------------------------------
--  DDL for Table SPECS
--------------------------------------------------------

  CREATE TABLE "ITSTOCK"."SPECS" 
   (	"ID" NUMBER, 
	"NAME" VARCHAR2(100 BYTE), 
	"UNIT" VARCHAR2(50 BYTE)
   ) SEGMENT CREATION IMMEDIATE 
  PCTFREE 10 PCTUSED 40 INITRANS 1 MAXTRANS 255 
 NOCOMPRESS LOGGING
  STORAGE(INITIAL 65536 NEXT 1048576 MINEXTENTS 1 MAXEXTENTS 2147483645
  PCTINCREASE 0 FREELISTS 1 FREELIST GROUPS 1
  BUFFER_POOL DEFAULT FLASH_CACHE DEFAULT CELL_FLASH_CACHE DEFAULT)
  TABLESPACE "USERS" ;
--------------------------------------------------------
--  DDL for Table SPECS_TYPES
--------------------------------------------------------

  CREATE TABLE "ITSTOCK"."SPECS_TYPES" 
   (	"ID" NUMBER, 
	"SPEC_ID" NUMBER, 
	"TYPE_ID" NUMBER
   ) SEGMENT CREATION IMMEDIATE 
  PCTFREE 10 PCTUSED 40 INITRANS 1 MAXTRANS 255 
 NOCOMPRESS LOGGING
  STORAGE(INITIAL 65536 NEXT 1048576 MINEXTENTS 1 MAXEXTENTS 2147483645
  PCTINCREASE 0 FREELISTS 1 FREELIST GROUPS 1
  BUFFER_POOL DEFAULT FLASH_CACHE DEFAULT CELL_FLASH_CACHE DEFAULT)
  TABLESPACE "USERS" ;
--------------------------------------------------------
--  DDL for Table TYPES
--------------------------------------------------------

  CREATE TABLE "ITSTOCK"."TYPES" 
   (	"ID" NUMBER, 
	"NAME" VARCHAR2(100 BYTE)
   ) SEGMENT CREATION IMMEDIATE 
  PCTFREE 10 PCTUSED 40 INITRANS 1 MAXTRANS 255 
 NOCOMPRESS LOGGING
  STORAGE(INITIAL 65536 NEXT 1048576 MINEXTENTS 1 MAXEXTENTS 2147483645
  PCTINCREASE 0 FREELISTS 1 FREELIST GROUPS 1
  BUFFER_POOL DEFAULT FLASH_CACHE DEFAULT CELL_FLASH_CACHE DEFAULT)
  TABLESPACE "USERS" ;
--------------------------------------------------------
--  DDL for Table TYPES_TYPES
--------------------------------------------------------

  CREATE TABLE "ITSTOCK"."TYPES_TYPES" 
   (	"ID" NUMBER, 
	"TYPE_ID_1" NUMBER, 
	"TYPE_ID_2" VARCHAR2(20 BYTE)
   ) SEGMENT CREATION DEFERRED 
  PCTFREE 10 PCTUSED 40 INITRANS 1 MAXTRANS 255 
 NOCOMPRESS LOGGING
  TABLESPACE "USERS" ;
--------------------------------------------------------
--  DDL for Sequence ACCESS_GROUPS_SEQ
--------------------------------------------------------

   CREATE SEQUENCE  "ITSTOCK"."ACCESS_GROUPS_SEQ"  MINVALUE 1 MAXVALUE 9999999999999999999999999999 INCREMENT BY 1 START WITH 41 CACHE 20 NOORDER  NOCYCLE  NOKEEP  NOSCALE  GLOBAL ;
--------------------------------------------------------
--  DDL for Sequence ACCESS_GROUP_METHODS_SEQ
--------------------------------------------------------

   CREATE SEQUENCE  "ITSTOCK"."ACCESS_GROUP_METHODS_SEQ"  MINVALUE 1 MAXVALUE 9999999999999999999999999999 INCREMENT BY 1 START WITH 889 CACHE 20 NOORDER  NOCYCLE  NOKEEP  NOSCALE  GLOBAL ;
--------------------------------------------------------
--  DDL for Sequence ADMINS_SEQ
--------------------------------------------------------

   CREATE SEQUENCE  "ITSTOCK"."ADMINS_SEQ"  MINVALUE 1 MAXVALUE 9999999999999999999999999999 INCREMENT BY 1 START WITH 182 CACHE 20 NOORDER  NOCYCLE  NOKEEP  NOSCALE  GLOBAL ;
--------------------------------------------------------
--  DDL for Sequence BRANDS_SEQ
--------------------------------------------------------

   CREATE SEQUENCE  "ITSTOCK"."BRANDS_SEQ"  MINVALUE 1 MAXVALUE 9999999999999999999999999999 INCREMENT BY 1 START WITH 301 CACHE 20 NOORDER  NOCYCLE  NOKEEP  NOSCALE  GLOBAL ;
--------------------------------------------------------
--  DDL for Sequence CLIENTS_SEQ
--------------------------------------------------------

   CREATE SEQUENCE  "ITSTOCK"."CLIENTS_SEQ"  MINVALUE 1 MAXVALUE 9999999999999999999999999999 INCREMENT BY 1 START WITH 381 CACHE 20 NOORDER  NOCYCLE  NOKEEP  NOSCALE  GLOBAL ;
--------------------------------------------------------
--  DDL for Sequence ITEMSPECVALUES_SEQ
--------------------------------------------------------

   CREATE SEQUENCE  "ITSTOCK"."ITEMSPECVALUES_SEQ"  MINVALUE 1 MAXVALUE 9999999999999999999999999999 INCREMENT BY 1 START WITH 945 CACHE 20 NOORDER  NOCYCLE  NOKEEP  NOSCALE  GLOBAL ;
--------------------------------------------------------
--  DDL for Sequence ITEMS_SEQ
--------------------------------------------------------

   CREATE SEQUENCE  "ITSTOCK"."ITEMS_SEQ"  MINVALUE 1 MAXVALUE 9999999999999999999999999999 INCREMENT BY 1 START WITH 939 CACHE 20 NOORDER  NOCYCLE  NOKEEP  NOSCALE  GLOBAL ;
--------------------------------------------------------
--  DDL for Sequence ITEM_CONDITIONS_SEQ
--------------------------------------------------------

   CREATE SEQUENCE  "ITSTOCK"."ITEM_CONDITIONS_SEQ"  MINVALUE 1 MAXVALUE 9999999999999999999999999999 INCREMENT BY 1 START WITH 21 CACHE 20 NOORDER  NOCYCLE  NOKEEP  NOSCALE  GLOBAL ;
--------------------------------------------------------
--  DDL for Sequence LOCATIONS_SEQ
--------------------------------------------------------

   CREATE SEQUENCE  "ITSTOCK"."LOCATIONS_SEQ"  MINVALUE 1 MAXVALUE 9999999999999999999999999999 INCREMENT BY 1 START WITH 281 CACHE 20 NOORDER  NOCYCLE  NOKEEP  NOSCALE  GLOBAL ;
--------------------------------------------------------
--  DDL for Sequence METHODS_SEQ
--------------------------------------------------------

   CREATE SEQUENCE  "ITSTOCK"."METHODS_SEQ"  MINVALUE 1 MAXVALUE 9999999999999999999999999999 INCREMENT BY 1 START WITH 101 CACHE 20 NOORDER  NOCYCLE  NOKEEP  NOSCALE  GLOBAL ;
--------------------------------------------------------
--  DDL for Sequence RECEIPTS_SEQ
--------------------------------------------------------

   CREATE SEQUENCE  "ITSTOCK"."RECEIPTS_SEQ"  MINVALUE 1 MAXVALUE 9999999999999999999999999999 INCREMENT BY 1 START WITH 707 CACHE 20 NOORDER  NOCYCLE  NOKEEP  NOSCALE  GLOBAL ;
--------------------------------------------------------
--  DDL for Sequence RECORDS_SEQ
--------------------------------------------------------

   CREATE SEQUENCE  "ITSTOCK"."RECORDS_SEQ"  MINVALUE 1 MAXVALUE 9999999999999999999999999999 INCREMENT BY 1 START WITH 809 CACHE 20 NOORDER  NOCYCLE  NOKEEP  NOSCALE  GLOBAL ;
--------------------------------------------------------
--  DDL for Sequence REMOTE_LOCATIONS_SEQ
--------------------------------------------------------

   CREATE SEQUENCE  "ITSTOCK"."REMOTE_LOCATIONS_SEQ"  MINVALUE 1 MAXVALUE 9999999999999999999999999999 INCREMENT BY 1 START WITH 101 CACHE 20 NOORDER  NOCYCLE  NOKEEP  NOSCALE  GLOBAL ;
--------------------------------------------------------
--  DDL for Sequence SPECS_SEQ
--------------------------------------------------------

   CREATE SEQUENCE  "ITSTOCK"."SPECS_SEQ"  MINVALUE 1 MAXVALUE 9999999999999999999999999999 INCREMENT BY 1 START WITH 281 CACHE 20 NOORDER  NOCYCLE  NOKEEP  NOSCALE  GLOBAL ;
--------------------------------------------------------
--  DDL for Sequence SPECS_TYPES_SEQ
--------------------------------------------------------

   CREATE SEQUENCE  "ITSTOCK"."SPECS_TYPES_SEQ"  MINVALUE 1 MAXVALUE 9999999999999999999999999999 INCREMENT BY 1 START WITH 281 CACHE 20 NOORDER  NOCYCLE  NOKEEP  NOSCALE  GLOBAL ;
--------------------------------------------------------
--  DDL for Sequence TEST_SEQ
--------------------------------------------------------

   CREATE SEQUENCE  "ITSTOCK"."TEST_SEQ"  MINVALUE 1 MAXVALUE 99999999999999999999999 INCREMENT BY 1 START WITH 1 CACHE 20 NOORDER  NOCYCLE  NOKEEP  NOSCALE  GLOBAL ;
--------------------------------------------------------
--  DDL for Sequence TYPES_SEQ
--------------------------------------------------------

   CREATE SEQUENCE  "ITSTOCK"."TYPES_SEQ"  MINVALUE 1 MAXVALUE 9999999999999999999999999999 INCREMENT BY 1 START WITH 281 CACHE 20 NOORDER  NOCYCLE  NOKEEP  NOSCALE  GLOBAL ;
REM INSERTING into ITSTOCK.ACCESS_GROUPS
SET DEFINE OFF;
Insert into ITSTOCK.ACCESS_GROUPS (ID,NAME) values (1,'super');
Insert into ITSTOCK.ACCESS_GROUPS (ID,NAME) values (2,'admin');
Insert into ITSTOCK.ACCESS_GROUPS (ID,NAME) values (3,'it');
Insert into ITSTOCK.ACCESS_GROUPS (ID,NAME) values (4,'guest');
REM INSERTING into ITSTOCK.ACCESS_GROUPS_METHODS
SET DEFINE OFF;
Insert into ITSTOCK.ACCESS_GROUPS_METHODS (ID,ACCESS_GROUP_ID,METHOD_ID) values (880,3,47);
Insert into ITSTOCK.ACCESS_GROUPS_METHODS (ID,ACCESS_GROUP_ID,METHOD_ID) values (881,3,49);
Insert into ITSTOCK.ACCESS_GROUPS_METHODS (ID,ACCESS_GROUP_ID,METHOD_ID) values (882,3,48);
Insert into ITSTOCK.ACCESS_GROUPS_METHODS (ID,ACCESS_GROUP_ID,METHOD_ID) values (883,3,6);
Insert into ITSTOCK.ACCESS_GROUPS_METHODS (ID,ACCESS_GROUP_ID,METHOD_ID) values (884,3,19);
Insert into ITSTOCK.ACCESS_GROUPS_METHODS (ID,ACCESS_GROUP_ID,METHOD_ID) values (885,3,26);
Insert into ITSTOCK.ACCESS_GROUPS_METHODS (ID,ACCESS_GROUP_ID,METHOD_ID) values (878,3,82);
Insert into ITSTOCK.ACCESS_GROUPS_METHODS (ID,ACCESS_GROUP_ID,METHOD_ID) values (879,3,25);
Insert into ITSTOCK.ACCESS_GROUPS_METHODS (ID,ACCESS_GROUP_ID,METHOD_ID) values (62,null,19);
Insert into ITSTOCK.ACCESS_GROUPS_METHODS (ID,ACCESS_GROUP_ID,METHOD_ID) values (806,1,81);
Insert into ITSTOCK.ACCESS_GROUPS_METHODS (ID,ACCESS_GROUP_ID,METHOD_ID) values (807,1,82);
Insert into ITSTOCK.ACCESS_GROUPS_METHODS (ID,ACCESS_GROUP_ID,METHOD_ID) values (805,1,45);
Insert into ITSTOCK.ACCESS_GROUPS_METHODS (ID,ACCESS_GROUP_ID,METHOD_ID) values (808,1,21);
Insert into ITSTOCK.ACCESS_GROUPS_METHODS (ID,ACCESS_GROUP_ID,METHOD_ID) values (809,1,83);
Insert into ITSTOCK.ACCESS_GROUPS_METHODS (ID,ACCESS_GROUP_ID,METHOD_ID) values (810,1,29);
Insert into ITSTOCK.ACCESS_GROUPS_METHODS (ID,ACCESS_GROUP_ID,METHOD_ID) values (811,1,86);
Insert into ITSTOCK.ACCESS_GROUPS_METHODS (ID,ACCESS_GROUP_ID,METHOD_ID) values (812,1,44);
Insert into ITSTOCK.ACCESS_GROUPS_METHODS (ID,ACCESS_GROUP_ID,METHOD_ID) values (813,1,84);
Insert into ITSTOCK.ACCESS_GROUPS_METHODS (ID,ACCESS_GROUP_ID,METHOD_ID) values (814,1,25);
Insert into ITSTOCK.ACCESS_GROUPS_METHODS (ID,ACCESS_GROUP_ID,METHOD_ID) values (815,1,27);
Insert into ITSTOCK.ACCESS_GROUPS_METHODS (ID,ACCESS_GROUP_ID,METHOD_ID) values (816,1,3);
Insert into ITSTOCK.ACCESS_GROUPS_METHODS (ID,ACCESS_GROUP_ID,METHOD_ID) values (817,1,41);
Insert into ITSTOCK.ACCESS_GROUPS_METHODS (ID,ACCESS_GROUP_ID,METHOD_ID) values (818,1,85);
Insert into ITSTOCK.ACCESS_GROUPS_METHODS (ID,ACCESS_GROUP_ID,METHOD_ID) values (819,1,28);
Insert into ITSTOCK.ACCESS_GROUPS_METHODS (ID,ACCESS_GROUP_ID,METHOD_ID) values (820,1,24);
Insert into ITSTOCK.ACCESS_GROUPS_METHODS (ID,ACCESS_GROUP_ID,METHOD_ID) values (821,1,22);
Insert into ITSTOCK.ACCESS_GROUPS_METHODS (ID,ACCESS_GROUP_ID,METHOD_ID) values (822,1,46);
Insert into ITSTOCK.ACCESS_GROUPS_METHODS (ID,ACCESS_GROUP_ID,METHOD_ID) values (823,1,47);
Insert into ITSTOCK.ACCESS_GROUPS_METHODS (ID,ACCESS_GROUP_ID,METHOD_ID) values (824,1,49);
Insert into ITSTOCK.ACCESS_GROUPS_METHODS (ID,ACCESS_GROUP_ID,METHOD_ID) values (825,1,48);
Insert into ITSTOCK.ACCESS_GROUPS_METHODS (ID,ACCESS_GROUP_ID,METHOD_ID) values (826,1,6);
Insert into ITSTOCK.ACCESS_GROUPS_METHODS (ID,ACCESS_GROUP_ID,METHOD_ID) values (827,1,19);
Insert into ITSTOCK.ACCESS_GROUPS_METHODS (ID,ACCESS_GROUP_ID,METHOD_ID) values (828,1,61);
Insert into ITSTOCK.ACCESS_GROUPS_METHODS (ID,ACCESS_GROUP_ID,METHOD_ID) values (829,1,62);
Insert into ITSTOCK.ACCESS_GROUPS_METHODS (ID,ACCESS_GROUP_ID,METHOD_ID) values (830,1,42);
Insert into ITSTOCK.ACCESS_GROUPS_METHODS (ID,ACCESS_GROUP_ID,METHOD_ID) values (831,1,43);
Insert into ITSTOCK.ACCESS_GROUPS_METHODS (ID,ACCESS_GROUP_ID,METHOD_ID) values (832,1,26);
Insert into ITSTOCK.ACCESS_GROUPS_METHODS (ID,ACCESS_GROUP_ID,METHOD_ID) values (833,1,23);
Insert into ITSTOCK.ACCESS_GROUPS_METHODS (ID,ACCESS_GROUP_ID,METHOD_ID) values (834,2,81);
Insert into ITSTOCK.ACCESS_GROUPS_METHODS (ID,ACCESS_GROUP_ID,METHOD_ID) values (835,2,82);
Insert into ITSTOCK.ACCESS_GROUPS_METHODS (ID,ACCESS_GROUP_ID,METHOD_ID) values (836,2,21);
Insert into ITSTOCK.ACCESS_GROUPS_METHODS (ID,ACCESS_GROUP_ID,METHOD_ID) values (837,2,83);
Insert into ITSTOCK.ACCESS_GROUPS_METHODS (ID,ACCESS_GROUP_ID,METHOD_ID) values (838,2,29);
Insert into ITSTOCK.ACCESS_GROUPS_METHODS (ID,ACCESS_GROUP_ID,METHOD_ID) values (839,2,86);
Insert into ITSTOCK.ACCESS_GROUPS_METHODS (ID,ACCESS_GROUP_ID,METHOD_ID) values (840,2,44);
Insert into ITSTOCK.ACCESS_GROUPS_METHODS (ID,ACCESS_GROUP_ID,METHOD_ID) values (841,2,84);
Insert into ITSTOCK.ACCESS_GROUPS_METHODS (ID,ACCESS_GROUP_ID,METHOD_ID) values (842,2,25);
Insert into ITSTOCK.ACCESS_GROUPS_METHODS (ID,ACCESS_GROUP_ID,METHOD_ID) values (843,2,27);
Insert into ITSTOCK.ACCESS_GROUPS_METHODS (ID,ACCESS_GROUP_ID,METHOD_ID) values (844,2,3);
Insert into ITSTOCK.ACCESS_GROUPS_METHODS (ID,ACCESS_GROUP_ID,METHOD_ID) values (845,2,41);
Insert into ITSTOCK.ACCESS_GROUPS_METHODS (ID,ACCESS_GROUP_ID,METHOD_ID) values (846,2,28);
Insert into ITSTOCK.ACCESS_GROUPS_METHODS (ID,ACCESS_GROUP_ID,METHOD_ID) values (847,2,24);
Insert into ITSTOCK.ACCESS_GROUPS_METHODS (ID,ACCESS_GROUP_ID,METHOD_ID) values (848,2,47);
Insert into ITSTOCK.ACCESS_GROUPS_METHODS (ID,ACCESS_GROUP_ID,METHOD_ID) values (849,2,49);
Insert into ITSTOCK.ACCESS_GROUPS_METHODS (ID,ACCESS_GROUP_ID,METHOD_ID) values (850,2,48);
Insert into ITSTOCK.ACCESS_GROUPS_METHODS (ID,ACCESS_GROUP_ID,METHOD_ID) values (851,2,6);
Insert into ITSTOCK.ACCESS_GROUPS_METHODS (ID,ACCESS_GROUP_ID,METHOD_ID) values (852,2,19);
Insert into ITSTOCK.ACCESS_GROUPS_METHODS (ID,ACCESS_GROUP_ID,METHOD_ID) values (853,2,61);
Insert into ITSTOCK.ACCESS_GROUPS_METHODS (ID,ACCESS_GROUP_ID,METHOD_ID) values (854,2,62);
Insert into ITSTOCK.ACCESS_GROUPS_METHODS (ID,ACCESS_GROUP_ID,METHOD_ID) values (855,2,42);
Insert into ITSTOCK.ACCESS_GROUPS_METHODS (ID,ACCESS_GROUP_ID,METHOD_ID) values (856,2,43);
Insert into ITSTOCK.ACCESS_GROUPS_METHODS (ID,ACCESS_GROUP_ID,METHOD_ID) values (857,2,26);
REM INSERTING into ITSTOCK.ADMINS
SET DEFINE OFF;
Insert into ITSTOCK.ADMINS (ID,NAME,PASSWORD_HASH,ACCESS_GROUP_ID,USERNAME,EMAIL,NOTIFICATION) values (162,'IT','8d969eef6ecad3c29a3a629280e686cf0c3f5d5a86aff3ca12020c923adc6c92',3,'it','it.support@almayadeen.net','NO');
Insert into ITSTOCK.ADMINS (ID,NAME,PASSWORD_HASH,ACCESS_GROUP_ID,USERNAME,EMAIL,NOTIFICATION) values (84,'Maher Saad','16dc3a61cde3945adadc1f7a69a9034eb298d5d2c8e14f9be893650e13eacea7',3,'ma.saad','ma.saad@almayadeen.net','NO');
Insert into ITSTOCK.ADMINS (ID,NAME,PASSWORD_HASH,ACCESS_GROUP_ID,USERNAME,EMAIL,NOTIFICATION) values (44,'Jaafar Krayem','8d969eef6ecad3c29a3a629280e686cf0c3f5d5a86aff3ca12020c923adc6c92',3,'j.krayem','j.krayem@almayadeen.net','NO');
Insert into ITSTOCK.ADMINS (ID,NAME,PASSWORD_HASH,ACCESS_GROUP_ID,USERNAME,EMAIL,NOTIFICATION) values (45,'Wassim El Ahmar','8d969eef6ecad3c29a3a629280e686cf0c3f5d5a86aff3ca12020c923adc6c92',1,'w.elahmar','w.elahmar@almayadeen.net','CC');
Insert into ITSTOCK.ADMINS (ID,NAME,PASSWORD_HASH,ACCESS_GROUP_ID,USERNAME,EMAIL,NOTIFICATION) values (141,'Zaynab Hteit','8d969eef6ecad3c29a3a629280e686cf0c3f5d5a86aff3ca12020c923adc6c92',2,'z.hteit','z.hteit@almayadeen.net','TO');
Insert into ITSTOCK.ADMINS (ID,NAME,PASSWORD_HASH,ACCESS_GROUP_ID,USERNAME,EMAIL,NOTIFICATION) values (63,'Ahmad Hammoud','1568e677140ab834ebdbd98ffa092a273af66084eb04e13b9d07be493847b94f',3,'a.hammoud','a.hammoud@almayadeen.net','NO');
Insert into ITSTOCK.ADMINS (ID,NAME,PASSWORD_HASH,ACCESS_GROUP_ID,USERNAME,EMAIL,NOTIFICATION) values (61,'Mohammad Awwad','58132355b72927954c5c0f8cb73c599eb15312050cbf3c89241fafabafe8b8cb',2,'m.awwad','m.awad@almayadeen.net','TO');
Insert into ITSTOCK.ADMINS (ID,NAME,PASSWORD_HASH,ACCESS_GROUP_ID,USERNAME,EMAIL,NOTIFICATION) values (65,'Farid Assi','422c8443471026d5d0307109637086c79830d4fdc19426a73a8f908c71a9f46c',3,'f.assi','f.assi@almayadeen.net','NO');
Insert into ITSTOCK.ADMINS (ID,NAME,PASSWORD_HASH,ACCESS_GROUP_ID,USERNAME,EMAIL,NOTIFICATION) values (67,'Roy Dagher','8d969eef6ecad3c29a3a629280e686cf0c3f5d5a86aff3ca12020c923adc6c92',3,'roy','r.dagher@almayadeen.net','NO');
Insert into ITSTOCK.ADMINS (ID,NAME,PASSWORD_HASH,ACCESS_GROUP_ID,USERNAME,EMAIL,NOTIFICATION) values (1,'Mohammad Salloum','0f833a1f3bc2700461b06a4d53e1deed7a89f13b76c45747307b9b22d4d0adba',1,'m.salloum','m.salloum@almayadeen.net','CC');
Insert into ITSTOCK.ADMINS (ID,NAME,PASSWORD_HASH,ACCESS_GROUP_ID,USERNAME,EMAIL,NOTIFICATION) values (101,'saeed','ee7d03003b396d39ff1f0d685a1624442c54541624615fcc9180f9f06075f659',3,'souwaidan','s.souwaidan@almayadeen.net','NO');
Insert into ITSTOCK.ADMINS (ID,NAME,PASSWORD_HASH,ACCESS_GROUP_ID,USERNAME,EMAIL,NOTIFICATION) values (66,'Jalal Shaer','8d969eef6ecad3c29a3a629280e686cf0c3f5d5a86aff3ca12020c923adc6c92',3,'j.shaer','j.shaer@almayadeen.net','NO');
Insert into ITSTOCK.ADMINS (ID,NAME,PASSWORD_HASH,ACCESS_GROUP_ID,USERNAME,EMAIL,NOTIFICATION) values (83,'Hadi Halawi','8d969eef6ecad3c29a3a629280e686cf0c3f5d5a86aff3ca12020c923adc6c92',3,'h.halawi','h.halawi@almayadeen.net','NO');
Insert into ITSTOCK.ADMINS (ID,NAME,PASSWORD_HASH,ACCESS_GROUP_ID,USERNAME,EMAIL,NOTIFICATION) values (64,'Ismail Omar','8d969eef6ecad3c29a3a629280e686cf0c3f5d5a86aff3ca12020c923adc6c92',3,'i.omar','i.omar@almayadeen.net','NO');
REM INSERTING into ITSTOCK.BRANDS
SET DEFINE OFF;
Insert into ITSTOCK.BRANDS (ID,NAME) values (281,'Apacer');
Insert into ITSTOCK.BRANDS (ID,NAME) values (184,'Unknown');
Insert into ITSTOCK.BRANDS (ID,NAME) values (195,'i-Ways');
Insert into ITSTOCK.BRANDS (ID,NAME) values (181,'A4Tech');
Insert into ITSTOCK.BRANDS (ID,NAME) values (182,'D-Link');
Insert into ITSTOCK.BRANDS (ID,NAME) values (210,'Keytronic');
Insert into ITSTOCK.BRANDS (ID,NAME) values (213,'inno3D');
Insert into ITSTOCK.BRANDS (ID,NAME) values (215,'Marshall');
Insert into ITSTOCK.BRANDS (ID,NAME) values (222,'Intopower');
Insert into ITSTOCK.BRANDS (ID,NAME) values (190,'3D');
Insert into ITSTOCK.BRANDS (ID,NAME) values (188,'Western Digital');
Insert into ITSTOCK.BRANDS (ID,NAME) values (189,'Genius');
Insert into ITSTOCK.BRANDS (ID,NAME) values (191,'Sony');
Insert into ITSTOCK.BRANDS (ID,NAME) values (193,'STlab');
Insert into ITSTOCK.BRANDS (ID,NAME) values (194,'TASCAM');
Insert into ITSTOCK.BRANDS (ID,NAME) values (197,'Avid');
Insert into ITSTOCK.BRANDS (ID,NAME) values (200,'Matrox');
Insert into ITSTOCK.BRANDS (ID,NAME) values (205,'Linksys');
Insert into ITSTOCK.BRANDS (ID,NAME) values (220,'Lianlong');
Insert into ITSTOCK.BRANDS (ID,NAME) values (225,'Hitachi');
Insert into ITSTOCK.BRANDS (ID,NAME) values (226,'Samsung');
Insert into ITSTOCK.BRANDS (ID,NAME) values (196,'Aja');
Insert into ITSTOCK.BRANDS (ID,NAME) values (167,'Toshiba');
Insert into ITSTOCK.BRANDS (ID,NAME) values (185,'Dell');
Insert into ITSTOCK.BRANDS (ID,NAME) values (201,'Blackmagic Design');
Insert into ITSTOCK.BRANDS (ID,NAME) values (211,'Apple');
Insert into ITSTOCK.BRANDS (ID,NAME) values (212,'Quadro');
Insert into ITSTOCK.BRANDS (ID,NAME) values (214,'Atomix LT ');
Insert into ITSTOCK.BRANDS (ID,NAME) values (216,'Hauppauge');
Insert into ITSTOCK.BRANDS (ID,NAME) values (217,'Remove me also');
Insert into ITSTOCK.BRANDS (ID,NAME) values (218,'Proxime');
Insert into ITSTOCK.BRANDS (ID,NAME) values (221,'Panasonic');
Insert into ITSTOCK.BRANDS (ID,NAME) values (224,'HGST');
Insert into ITSTOCK.BRANDS (ID,NAME) values (243,'remove me me');
Insert into ITSTOCK.BRANDS (ID,NAME) values (261,'Smart');
Insert into ITSTOCK.BRANDS (ID,NAME) values (262,'LB-LINK');
Insert into ITSTOCK.BRANDS (ID,NAME) values (269,'VGA');
Insert into ITSTOCK.BRANDS (ID,NAME) values (192,'VSN');
Insert into ITSTOCK.BRANDS (ID,NAME) values (202,'Google');
Insert into ITSTOCK.BRANDS (ID,NAME) values (203,'Contour');
Insert into ITSTOCK.BRANDS (ID,NAME) values (227,'Transcend');
Insert into ITSTOCK.BRANDS (ID,NAME) values (229,'AFT');
Insert into ITSTOCK.BRANDS (ID,NAME) values (230,'Brother');
Insert into ITSTOCK.BRANDS (ID,NAME) values (241,'MIC');
Insert into ITSTOCK.BRANDS (ID,NAME) values (162,'Lenovo');
Insert into ITSTOCK.BRANDS (ID,NAME) values (163,'HP');
Insert into ITSTOCK.BRANDS (ID,NAME) values (266,'Ninja');
Insert into ITSTOCK.BRANDS (ID,NAME) values (267,'LaCie');
Insert into ITSTOCK.BRANDS (ID,NAME) values (183,'Wacom');
Insert into ITSTOCK.BRANDS (ID,NAME) values (186,'TP-Link');
Insert into ITSTOCK.BRANDS (ID,NAME) values (187,'Seagate');
Insert into ITSTOCK.BRANDS (ID,NAME) values (198,'Logitech');
Insert into ITSTOCK.BRANDS (ID,NAME) values (199,'Soltech');
Insert into ITSTOCK.BRANDS (ID,NAME) values (206,'AMD');
Insert into ITSTOCK.BRANDS (ID,NAME) values (207,'Asus');
Insert into ITSTOCK.BRANDS (ID,NAME) values (208,'Atomos');
Insert into ITSTOCK.BRANDS (ID,NAME) values (209,'Princo');
Insert into ITSTOCK.BRANDS (ID,NAME) values (219,'EAST');
Insert into ITSTOCK.BRANDS (ID,NAME) values (223,'TrendNet');
Insert into ITSTOCK.BRANDS (ID,NAME) values (228,'Sabrent');
Insert into ITSTOCK.BRANDS (ID,NAME) values (231,'SanDisk');
Insert into ITSTOCK.BRANDS (ID,NAME) values (242,'Tripp Lite');
Insert into ITSTOCK.BRANDS (ID,NAME) values (263,'Justec');
Insert into ITSTOCK.BRANDS (ID,NAME) values (264,'Point Of View');
Insert into ITSTOCK.BRANDS (ID,NAME) values (265,'Afox');
Insert into ITSTOCK.BRANDS (ID,NAME) values (268,'M-Audio');
REM INSERTING into ITSTOCK.CLIENTS
SET DEFINE OFF;
Insert into ITSTOCK.CLIENTS (ID,NAME) values (301,'Farah Abdallah');
Insert into ITSTOCK.CLIENTS (ID,NAME) values (305,'Hadi Bazzoun');
Insert into ITSTOCK.CLIENTS (ID,NAME) values (341,'Yara Abou Haidar');
Insert into ITSTOCK.CLIENTS (ID,NAME) values (161,'Mohammad Jradi ');
Insert into ITSTOCK.CLIENTS (ID,NAME) values (162,'Tima Issa');
Insert into ITSTOCK.CLIENTS (ID,NAME) values (202,'Rana Kawtharani');
Insert into ITSTOCK.CLIENTS (ID,NAME) values (203,'SatDesk');
Insert into ITSTOCK.CLIENTS (ID,NAME) values (223,'Graphics Department');
Insert into ITSTOCK.CLIENTS (ID,NAME) values (243,'Israel Department');
Insert into ITSTOCK.CLIENTS (ID,NAME) values (263,'Diyaa Chams');
Insert into ITSTOCK.CLIENTS (ID,NAME) values (264,'Mona Abdallah');
Insert into ITSTOCK.CLIENTS (ID,NAME) values (181,'Farah Mawzi');
Insert into ITSTOCK.CLIENTS (ID,NAME) values (122,'Hala Bou Saab');
Insert into ITSTOCK.CLIENTS (ID,NAME) values (241,'Jaafar Krayem');
Insert into ITSTOCK.CLIENTS (ID,NAME) values (281,'Ahmad Abdallah ');
Insert into ITSTOCK.CLIENTS (ID,NAME) values (121,'Elie Faddoul');
Insert into ITSTOCK.CLIENTS (ID,NAME) values (142,'Mike Chalhoub');
Insert into ITSTOCK.CLIENTS (ID,NAME) values (165,'ali bahmad');
Insert into ITSTOCK.CLIENTS (ID,NAME) values (205,'Jamal Haidar');
Insert into ITSTOCK.CLIENTS (ID,NAME) values (261,'Zaher Aridi');
Insert into ITSTOCK.CLIENTS (ID,NAME) values (262,'News Room');
Insert into ITSTOCK.CLIENTS (ID,NAME) values (266,'Souad Hammoud ');
Insert into ITSTOCK.CLIENTS (ID,NAME) values (282,'Salim Nasser Dine ');
Insert into ITSTOCK.CLIENTS (ID,NAME) values (141,'Ghada Saleh');
Insert into ITSTOCK.CLIENTS (ID,NAME) values (164,'Zaynab Al Saffar');
Insert into ITSTOCK.CLIENTS (ID,NAME) values (163,'Jihad Nakhle');
Insert into ITSTOCK.CLIENTS (ID,NAME) values (201,'Saeed Souwaidan ');
Insert into ITSTOCK.CLIENTS (ID,NAME) values (204,'Ali Sahili');
Insert into ITSTOCK.CLIENTS (ID,NAME) values (222,'Mohammad Haidar');
Insert into ITSTOCK.CLIENTS (ID,NAME) values (283,'Hazem Majzoub ');
Insert into ITSTOCK.CLIENTS (ID,NAME) values (182,'Laure Mourani');
Insert into ITSTOCK.CLIENTS (ID,NAME) values (221,'IT Support');
Insert into ITSTOCK.CLIENTS (ID,NAME) values (183,'Mohammad Bader AlDein ');
Insert into ITSTOCK.CLIENTS (ID,NAME) values (242,'bahaa haidar');
Insert into ITSTOCK.CLIENTS (ID,NAME) values (265,'Reda Al Bacha');
Insert into ITSTOCK.CLIENTS (ID,NAME) values (303,'Video Editor');
Insert into ITSTOCK.CLIENTS (ID,NAME) values (321,'Hasan Moussa');
Insert into ITSTOCK.CLIENTS (ID,NAME) values (361,'Rita Wehbe ');
Insert into ITSTOCK.CLIENTS (ID,NAME) values (362,'Alaa Hatoum');
Insert into ITSTOCK.CLIENTS (ID,NAME) values (302,'Ahmad Zogheib');
Insert into ITSTOCK.CLIENTS (ID,NAME) values (304,'MCR');
REM INSERTING into ITSTOCK.ITEMS
SET DEFINE OFF;
Insert into ITSTOCK.ITEMS (ID,LABEL,LOCATION_ID,BRAND_ID,SERIAL_NUMBER,CONDITION_ID,NOTES,AVAILABILITY,TYPE_ID,DELETED,CURRENT_LOCATION_ID,MODEL,KEYWORD,IMAGE,WARRANTY_START_DATE,WARRANTY_END_DATE) values (77,null,185,196,'10328602E',2,'1x SDI IN 
2x SDI OUT
1x A/V OUT','1',195,0,0,'HD10CEA','SDI to Analog',null,null,null);
Insert into ITSTOCK.ITEMS (ID,LABEL,LOCATION_ID,BRAND_ID,SERIAL_NUMBER,CONDITION_ID,NOTES,AVAILABILITY,TYPE_ID,DELETED,CURRENT_LOCATION_ID,MODEL,KEYWORD,IMAGE,WARRANTY_START_DATE,WARRANTY_END_DATE) values (80,null,185,196,'K0163981',2,'1x SDI IN
6x SDI OUT','1',201,0,0,null,null,null,null,null);
Insert into ITSTOCK.ITEMS (ID,LABEL,LOCATION_ID,BRAND_ID,SERIAL_NUMBER,CONDITION_ID,NOTES,AVAILABILITY,TYPE_ID,DELETED,CURRENT_LOCATION_ID,MODEL,KEYWORD,IMAGE,WARRANTY_START_DATE,WARRANTY_END_DATE) values (84,null,185,200,'TAD44777',2,'Matrox Convert DVI Plus lets broadcasters easily and economically incorporate content from computers, iPads, and iPhones into news programs. It is also the perfect appliance to drive projectors and large displays at live events and in houses.','1',195,0,0,'Convert DVI Plus','DVI to SDI/S-Video',null,null,null);
Insert into ITSTOCK.ITEMS (ID,LABEL,LOCATION_ID,BRAND_ID,SERIAL_NUMBER,CONDITION_ID,NOTES,AVAILABILITY,TYPE_ID,DELETED,CURRENT_LOCATION_ID,MODEL,KEYWORD,IMAGE,WARRANTY_START_DATE,WARRANTY_END_DATE) values (92,null,184,198,null,2,null,'1',205,0,0,'Pro Webcam C920',null,null,null,null);
Insert into ITSTOCK.ITEMS (ID,LABEL,LOCATION_ID,BRAND_ID,SERIAL_NUMBER,CONDITION_ID,NOTES,AVAILABILITY,TYPE_ID,DELETED,CURRENT_LOCATION_ID,MODEL,KEYWORD,IMAGE,WARRANTY_START_DATE,WARRANTY_END_DATE) values (93,null,184,184,null,1,null,'1',207,0,0,null,'Touchscreen Setup tools',null,null,null);
Insert into ITSTOCK.ITEMS (ID,LABEL,LOCATION_ID,BRAND_ID,SERIAL_NUMBER,CONDITION_ID,NOTES,AVAILABILITY,TYPE_ID,DELETED,CURRENT_LOCATION_ID,MODEL,KEYWORD,IMAGE,WARRANTY_START_DATE,WARRANTY_END_DATE) values (97,null,183,206,null,8,'2x Mini display 
1x DVI 
','1',209,0,0,'ATI Radeon HD 5770',null,null,null,null);
Insert into ITSTOCK.ITEMS (ID,LABEL,LOCATION_ID,BRAND_ID,SERIAL_NUMBER,CONDITION_ID,NOTES,AVAILABILITY,TYPE_ID,DELETED,CURRENT_LOCATION_ID,MODEL,KEYWORD,IMAGE,WARRANTY_START_DATE,WARRANTY_END_DATE) values (103,null,142,163,null,3,null,'1',213,0,0,null,'English(PS2)',null,null,null);
Insert into ITSTOCK.ITEMS (ID,LABEL,LOCATION_ID,BRAND_ID,SERIAL_NUMBER,CONDITION_ID,NOTES,AVAILABILITY,TYPE_ID,DELETED,CURRENT_LOCATION_ID,MODEL,KEYWORD,IMAGE,WARRANTY_START_DATE,WARRANTY_END_DATE) values (106,null,142,185,null,1,'Stickers Arabic characters ','1',213,0,0,null,'English-Arabic(USB)',null,null,null);
Insert into ITSTOCK.ITEMS (ID,LABEL,LOCATION_ID,BRAND_ID,SERIAL_NUMBER,CONDITION_ID,NOTES,AVAILABILITY,TYPE_ID,DELETED,CURRENT_LOCATION_ID,MODEL,KEYWORD,IMAGE,WARRANTY_START_DATE,WARRANTY_END_DATE) values (112,null,142,211,null,5,null,'1',213,0,0,null,'English(USB)',null,null,null);
Insert into ITSTOCK.ITEMS (ID,LABEL,LOCATION_ID,BRAND_ID,SERIAL_NUMBER,CONDITION_ID,NOTES,AVAILABILITY,TYPE_ID,DELETED,CURRENT_LOCATION_ID,MODEL,KEYWORD,IMAGE,WARRANTY_START_DATE,WARRANTY_END_DATE) values (115,null,183,212,null,8,'2x Display
1x DVI','1',209,0,0,'Nvidia Quadro 6000',null,null,null,null);
Insert into ITSTOCK.ITEMS (ID,LABEL,LOCATION_ID,BRAND_ID,SERIAL_NUMBER,CONDITION_ID,NOTES,AVAILABILITY,TYPE_ID,DELETED,CURRENT_LOCATION_ID,MODEL,KEYWORD,IMAGE,WARRANTY_START_DATE,WARRANTY_END_DATE) values (123,null,184,215,null,2,'18-24V
150W','1',206,0,0,null,null,null,null,null);
Insert into ITSTOCK.ITEMS (ID,LABEL,LOCATION_ID,BRAND_ID,SERIAL_NUMBER,CONDITION_ID,NOTES,AVAILABILITY,TYPE_ID,DELETED,CURRENT_LOCATION_ID,MODEL,KEYWORD,IMAGE,WARRANTY_START_DATE,WARRANTY_END_DATE) values (128,null,142,201,'1987804',8,'-DCI / UHD 4K 4:2:2 by Single-Link 6G-SDI
    -DCI 4K 4:2:2 by HDMI
    -1080p RGB 4:4:4 by Single-Link 3G-SDI
    -1080p 4:2:2 by Single-Link HD-SDI
    -1080p 4:4:4 by Dual-Link HD-SDI
    -Dual Channel 2D/3D Stereoscopic by SDI
    ','1',202,0,0,'DeckLink 4K Extreme',null,null,null,null);
Insert into ITSTOCK.ITEMS (ID,LABEL,LOCATION_ID,BRAND_ID,SERIAL_NUMBER,CONDITION_ID,NOTES,AVAILABILITY,TYPE_ID,DELETED,CURRENT_LOCATION_ID,MODEL,KEYWORD,IMAGE,WARRANTY_START_DATE,WARRANTY_END_DATE) values (129,null,142,201,'1772870',8,'
    -DCI / UHD 4K 4:2:2 by Single-Link 6G-SDI
    -DCI 4K 4:2:2 by HDMI
    -1080p RGB 4:4:4 by Single-Link 3G-SDI
    -1080p 4:2:2 by Single-Link HD-SDI
    -1080p 4:4:4 by Dual-Link HD-SDI
    -Dual Channel 2D/3D Stereoscopic by SDI
    ','1',202,0,0,'DeckLink 4K Extreme',null,null,null,null);
Insert into ITSTOCK.ITEMS (ID,LABEL,LOCATION_ID,BRAND_ID,SERIAL_NUMBER,CONDITION_ID,NOTES,AVAILABILITY,TYPE_ID,DELETED,CURRENT_LOCATION_ID,MODEL,KEYWORD,IMAGE,WARRANTY_START_DATE,WARRANTY_END_DATE) values (131,null,142,184,null,1,'External sound card','1',187,0,0,'USB Sound card','USB Sound card',null,null,null);
Insert into ITSTOCK.ITEMS (ID,LABEL,LOCATION_ID,BRAND_ID,SERIAL_NUMBER,CONDITION_ID,NOTES,AVAILABILITY,TYPE_ID,DELETED,CURRENT_LOCATION_ID,MODEL,KEYWORD,IMAGE,WARRANTY_START_DATE,WARRANTY_END_DATE) values (135,null,187,162,'US00176908',1,' -3nd Generation Intel® Core™ i3-217U Processor
(1.8 GHz)
 -4.0GB  Memory
 -500GB Hard Drive
 -Intel Integrated HD Graphics
 -Broadcom 11b/g/n Wi-Fi wireless 
 -Windows DOS
 -USB Keyboard and Mouse Included ','1',216,0,0,'IdeaCentre Q190',null,null,null,null);
Insert into ITSTOCK.ITEMS (ID,LABEL,LOCATION_ID,BRAND_ID,SERIAL_NUMBER,CONDITION_ID,NOTES,AVAILABILITY,TYPE_ID,DELETED,CURRENT_LOCATION_ID,MODEL,KEYWORD,IMAGE,WARRANTY_START_DATE,WARRANTY_END_DATE) values (137,'IT-Laptop-01',187,162,'CB28637275',4,null,'0',162,0,1,'G510',null,null,null,null);
Insert into ITSTOCK.ITEMS (ID,LABEL,LOCATION_ID,BRAND_ID,SERIAL_NUMBER,CONDITION_ID,NOTES,AVAILABILITY,TYPE_ID,DELETED,CURRENT_LOCATION_ID,MODEL,KEYWORD,IMAGE,WARRANTY_START_DATE,WARRANTY_END_DATE) values (143,null,187,220,null,1,'1.2V 50mA','1',207,0,0,null,'Battery Charger',null,null,null);
Insert into ITSTOCK.ITEMS (ID,LABEL,LOCATION_ID,BRAND_ID,SERIAL_NUMBER,CONDITION_ID,NOTES,AVAILABILITY,TYPE_ID,DELETED,CURRENT_LOCATION_ID,MODEL,KEYWORD,IMAGE,WARRANTY_START_DATE,WARRANTY_END_DATE) values (147,null,187,185,null,8,'Low Profile ','1',219,0,0,null,null,null,null,null);
Insert into ITSTOCK.ITEMS (ID,LABEL,LOCATION_ID,BRAND_ID,SERIAL_NUMBER,CONDITION_ID,NOTES,AVAILABILITY,TYPE_ID,DELETED,CURRENT_LOCATION_ID,MODEL,KEYWORD,IMAGE,WARRANTY_START_DATE,WARRANTY_END_DATE) values (159,'!$#!$#159',188,206,'!$#!$#159',8,null,'1',209,1,0,'Splitter',null,null,null,null);
Insert into ITSTOCK.ITEMS (ID,LABEL,LOCATION_ID,BRAND_ID,SERIAL_NUMBER,CONDITION_ID,NOTES,AVAILABILITY,TYPE_ID,DELETED,CURRENT_LOCATION_ID,MODEL,KEYWORD,IMAGE,WARRANTY_START_DATE,WARRANTY_END_DATE) values (170,'For Convert',188,187,'6SK1DENS',1,'Used for Convert','1',185,0,0,'ST3450857SS Cheetah 15K.7','450 GB (3.5 Inch)',null,null,null);
Insert into ITSTOCK.ITEMS (ID,LABEL,LOCATION_ID,BRAND_ID,SERIAL_NUMBER,CONDITION_ID,NOTES,AVAILABILITY,TYPE_ID,DELETED,CURRENT_LOCATION_ID,MODEL,KEYWORD,IMAGE,WARRANTY_START_DATE,WARRANTY_END_DATE) values (173,'IT-HDD31',189,227,'C38490 0776',3,null,'0',221,0,2,'StoreJet','2 TB',null,null,null);
Insert into ITSTOCK.ITEMS (ID,LABEL,LOCATION_ID,BRAND_ID,SERIAL_NUMBER,CONDITION_ID,NOTES,AVAILABILITY,TYPE_ID,DELETED,CURRENT_LOCATION_ID,MODEL,KEYWORD,IMAGE,WARRANTY_START_DATE,WARRANTY_END_DATE) values (174,'IT-HDD02',181,227,'C98544 0959',3,null,'0',221,0,0,'StoreJet ','2 TB',null,null,null);
Insert into ITSTOCK.ITEMS (ID,LABEL,LOCATION_ID,BRAND_ID,SERIAL_NUMBER,CONDITION_ID,NOTES,AVAILABILITY,TYPE_ID,DELETED,CURRENT_LOCATION_ID,MODEL,KEYWORD,IMAGE,WARRANTY_START_DATE,WARRANTY_END_DATE) values (180,null,189,230,'001 393 835',4,null,'1',222,0,0,'PT-7600','Label Machine',null,null,null);
Insert into ITSTOCK.ITEMS (ID,LABEL,LOCATION_ID,BRAND_ID,SERIAL_NUMBER,CONDITION_ID,NOTES,AVAILABILITY,TYPE_ID,DELETED,CURRENT_LOCATION_ID,MODEL,KEYWORD,IMAGE,WARRANTY_START_DATE,WARRANTY_END_DATE) values (183,'IT-USB02',189,231,null,1,null,'1',223,0,0,'Cruzer Blade ','16 GB','Sandisk 16GB.jpg',null,null);
Insert into ITSTOCK.ITEMS (ID,LABEL,LOCATION_ID,BRAND_ID,SERIAL_NUMBER,CONDITION_ID,NOTES,AVAILABILITY,TYPE_ID,DELETED,CURRENT_LOCATION_ID,MODEL,KEYWORD,IMAGE,WARRANTY_START_DATE,WARRANTY_END_DATE) values (1,'Shogun1',146,208,null,2,null,'1',210,0,0,'Shogun',null,null,null,null);
Insert into ITSTOCK.ITEMS (ID,LABEL,LOCATION_ID,BRAND_ID,SERIAL_NUMBER,CONDITION_ID,NOTES,AVAILABILITY,TYPE_ID,DELETED,CURRENT_LOCATION_ID,MODEL,KEYWORD,IMAGE,WARRANTY_START_DATE,WARRANTY_END_DATE) values (191,'IT-Support-09',187,162,'CB28637388',2,null,'0',162,0,2,'G510',null,null,null,null);
Insert into ITSTOCK.ITEMS (ID,LABEL,LOCATION_ID,BRAND_ID,SERIAL_NUMBER,CONDITION_ID,NOTES,AVAILABILITY,TYPE_ID,DELETED,CURRENT_LOCATION_ID,MODEL,KEYWORD,IMAGE,WARRANTY_START_DATE,WARRANTY_END_DATE) values (301,null,201,184,null,1,'Mini Display-port to HDMI Adapter cable','1',195,0,0,null,'Mini Display to HDMI ','download.jpg',null,null);
Insert into ITSTOCK.ITEMS (ID,LABEL,LOCATION_ID,BRAND_ID,SERIAL_NUMBER,CONDITION_ID,NOTES,AVAILABILITY,TYPE_ID,DELETED,CURRENT_LOCATION_ID,MODEL,KEYWORD,IMAGE,WARRANTY_START_DATE,WARRANTY_END_DATE) values (781,null,181,181,null,1,null,'1',181,0,0,'OP-620D 2X Click','USB','a4tech-mouse.jpg',null,null);
Insert into ITSTOCK.ITEMS (ID,LABEL,LOCATION_ID,BRAND_ID,SERIAL_NUMBER,CONDITION_ID,NOTES,AVAILABILITY,TYPE_ID,DELETED,CURRENT_LOCATION_ID,MODEL,KEYWORD,IMAGE,WARRANTY_START_DATE,WARRANTY_END_DATE) values (406,null,202,212,null,1,'PNY NVIDIA 600-50762-0501-200 C Stereo Connector Bracket For Quadro FX 3800','1',209,0,0,'PNY NVIDIA 600-50762-0501-200 C','3 Pin Setreo Connector',null,null,null);
Insert into ITSTOCK.ITEMS (ID,LABEL,LOCATION_ID,BRAND_ID,SERIAL_NUMBER,CONDITION_ID,NOTES,AVAILABILITY,TYPE_ID,DELETED,CURRENT_LOCATION_ID,MODEL,KEYWORD,IMAGE,WARRANTY_START_DATE,WARRANTY_END_DATE) values (336,null,202,197,null,8,'Cables Not Included
Avid RS-422 Deck Control Cable Kit - DB-9 to DB-9 (Windows) -
connect RS-422 jog wheel or other video control device to a PC with a DB-9 serial port.
It is designed for use with Avid video editing software.
','1',195,0,0,'7070-00507','Avid Serial Adapter',null,null,null);
Insert into ITSTOCK.ITEMS (ID,LABEL,LOCATION_ID,BRAND_ID,SERIAL_NUMBER,CONDITION_ID,NOTES,AVAILABILITY,TYPE_ID,DELETED,CURRENT_LOCATION_ID,MODEL,KEYWORD,IMAGE,WARRANTY_START_DATE,WARRANTY_END_DATE) values (338,null,202,211,null,8,'Apple Airport Extreme Bcm94322 Mc Wireless Wifi Card For All Mac Pro Mb988 Z/A','1',243,0,0,'MB988Z/A, BCM94322MC','Wireless Wifi Card For Mac',null,null,null);
Insert into ITSTOCK.ITEMS (ID,LABEL,LOCATION_ID,BRAND_ID,SERIAL_NUMBER,CONDITION_ID,NOTES,AVAILABILITY,TYPE_ID,DELETED,CURRENT_LOCATION_ID,MODEL,KEYWORD,IMAGE,WARRANTY_START_DATE,WARRANTY_END_DATE) values (436,null,201,184,null,1,null,'1',195,0,0,null,'USB to VGA','download.jpg',null,null);
Insert into ITSTOCK.ITEMS (ID,LABEL,LOCATION_ID,BRAND_ID,SERIAL_NUMBER,CONDITION_ID,NOTES,AVAILABILITY,TYPE_ID,DELETED,CURRENT_LOCATION_ID,MODEL,KEYWORD,IMAGE,WARRANTY_START_DATE,WARRANTY_END_DATE) values (437,null,201,184,null,1,null,'1',195,0,0,null,'DVI to VGA','download.jpg',null,null);
Insert into ITSTOCK.ITEMS (ID,LABEL,LOCATION_ID,BRAND_ID,SERIAL_NUMBER,CONDITION_ID,NOTES,AVAILABILITY,TYPE_ID,DELETED,CURRENT_LOCATION_ID,MODEL,KEYWORD,IMAGE,WARRANTY_START_DATE,WARRANTY_END_DATE) values (451,null,201,184,null,1,null,'1',207,0,0,null,'Several Keys',null,null,null);
Insert into ITSTOCK.ITEMS (ID,LABEL,LOCATION_ID,BRAND_ID,SERIAL_NUMBER,CONDITION_ID,NOTES,AVAILABILITY,TYPE_ID,DELETED,CURRENT_LOCATION_ID,MODEL,KEYWORD,IMAGE,WARRANTY_START_DATE,WARRANTY_END_DATE) values (455,'!$#!$#455',142,209,'!$#!$#455',1,null,'1',211,1,0,'DVD-R 2x-56x','4.7GB',null,null,null);
Insert into ITSTOCK.ITEMS (ID,LABEL,LOCATION_ID,BRAND_ID,SERIAL_NUMBER,CONDITION_ID,NOTES,AVAILABILITY,TYPE_ID,DELETED,CURRENT_LOCATION_ID,MODEL,KEYWORD,IMAGE,WARRANTY_START_DATE,WARRANTY_END_DATE) values (428,null,202,184,null,8,null,'1',189,0,0,null,'Docking Board',null,null,null);
Insert into ITSTOCK.ITEMS (ID,LABEL,LOCATION_ID,BRAND_ID,SERIAL_NUMBER,CONDITION_ID,NOTES,AVAILABILITY,TYPE_ID,DELETED,CURRENT_LOCATION_ID,MODEL,KEYWORD,IMAGE,WARRANTY_START_DATE,WARRANTY_END_DATE) values (457,'!$#!$#457',142,209,'!$#!$#457',1,null,'1',211,1,0,'DVD-R 2x-56x','4.7GB',null,null,null);
Insert into ITSTOCK.ITEMS (ID,LABEL,LOCATION_ID,BRAND_ID,SERIAL_NUMBER,CONDITION_ID,NOTES,AVAILABILITY,TYPE_ID,DELETED,CURRENT_LOCATION_ID,MODEL,KEYWORD,IMAGE,WARRANTY_START_DATE,WARRANTY_END_DATE) values (470,'4',189,184,null,8,'Supported card types:
- Memory Stick Pro Duo,
- Memory Stick Pro,
- SMC Card,
- Secure Digital,
- Multimedia Card,
- Compact Flash,
- CF Card ','1',191,0,0,null,'All-In-One Mini Card Reader',null,null,null);
Insert into ITSTOCK.ITEMS (ID,LABEL,LOCATION_ID,BRAND_ID,SERIAL_NUMBER,CONDITION_ID,NOTES,AVAILABILITY,TYPE_ID,DELETED,CURRENT_LOCATION_ID,MODEL,KEYWORD,IMAGE,WARRANTY_START_DATE,WARRANTY_END_DATE) values (473,null,201,184,null,1,null,'1',195,0,0,null,'Display to HDMI','download.jpg',null,null);
Insert into ITSTOCK.ITEMS (ID,LABEL,LOCATION_ID,BRAND_ID,SERIAL_NUMBER,CONDITION_ID,NOTES,AVAILABILITY,TYPE_ID,DELETED,CURRENT_LOCATION_ID,MODEL,KEYWORD,IMAGE,WARRANTY_START_DATE,WARRANTY_END_DATE) values (485,null,188,206,null,8,'AMD ATI Radeon HD6350 PCI-Express Video Card. The AMD Radeon graphic card delivers world-class HD graphics performance plus GPU-accelerated gaming effects, lightning fast video and image processing, and full 3D Vision support allowing you to game in ','1',209,0,0,'Radeon HD 6350','Need Dual DVI Splitter Cable',null,null,null);
Insert into ITSTOCK.ITEMS (ID,LABEL,LOCATION_ID,BRAND_ID,SERIAL_NUMBER,CONDITION_ID,NOTES,AVAILABILITY,TYPE_ID,DELETED,CURRENT_LOCATION_ID,MODEL,KEYWORD,IMAGE,WARRANTY_START_DATE,WARRANTY_END_DATE) values (494,'IT-Support-02',187,163,'CNU13921CN',4,'Input/Output: SD.MS/PROMMC CARD READER , HDMI, VGA','0',162,0,1,'ProBook 4530S',null,null,null,null);
Insert into ITSTOCK.ITEMS (ID,LABEL,LOCATION_ID,BRAND_ID,SERIAL_NUMBER,CONDITION_ID,NOTES,AVAILABILITY,TYPE_ID,DELETED,CURRENT_LOCATION_ID,MODEL,KEYWORD,IMAGE,WARRANTY_START_DATE,WARRANTY_END_DATE) values (543,null,188,269,null,1,null,'1',197,0,0,null,'4-Port Video Splitter',null,null,null);
Insert into ITSTOCK.ITEMS (ID,LABEL,LOCATION_ID,BRAND_ID,SERIAL_NUMBER,CONDITION_ID,NOTES,AVAILABILITY,TYPE_ID,DELETED,CURRENT_LOCATION_ID,MODEL,KEYWORD,IMAGE,WARRANTY_START_DATE,WARRANTY_END_DATE) values (549,'!$#!$#549',181,184,'!$#!$#549',8,null,'1',182,1,0,null,'PCIe x16 (1 port)',null,null,null);
Insert into ITSTOCK.ITEMS (ID,LABEL,LOCATION_ID,BRAND_ID,SERIAL_NUMBER,CONDITION_ID,NOTES,AVAILABILITY,TYPE_ID,DELETED,CURRENT_LOCATION_ID,MODEL,KEYWORD,IMAGE,WARRANTY_START_DATE,WARRANTY_END_DATE) values (556,null,142,209,null,1,null,'1',211,0,0,'DVD-R 2x-56x','4.7 GB',null,null,null);
Insert into ITSTOCK.ITEMS (ID,LABEL,LOCATION_ID,BRAND_ID,SERIAL_NUMBER,CONDITION_ID,NOTES,AVAILABILITY,TYPE_ID,DELETED,CURRENT_LOCATION_ID,MODEL,KEYWORD,IMAGE,WARRANTY_START_DATE,WARRANTY_END_DATE) values (565,null,142,181,null,1,null,'0',188,0,1,'HS-30',null,null,null,null);
Insert into ITSTOCK.ITEMS (ID,LABEL,LOCATION_ID,BRAND_ID,SERIAL_NUMBER,CONDITION_ID,NOTES,AVAILABILITY,TYPE_ID,DELETED,CURRENT_LOCATION_ID,MODEL,KEYWORD,IMAGE,WARRANTY_START_DATE,WARRANTY_END_DATE) values (535,null,185,201,'1880350',1,'
  Most 2.5" SATA SSD Drives Supported
  Record Avid DNxHD 200x 10-Bit Codec
  Record ProRes HQ
  Record Uncompressed HD QuickTime Files
  HD-SDI I/O; HDMI 1.3 Input and Playback
  Internal Rechargeable Battery
  12V Power Input
    ','1',193,0,0,'HyperDeck Shuttle 2',null,null,null,null);
Insert into ITSTOCK.ITEMS (ID,LABEL,LOCATION_ID,BRAND_ID,SERIAL_NUMBER,CONDITION_ID,NOTES,AVAILABILITY,TYPE_ID,DELETED,CURRENT_LOCATION_ID,MODEL,KEYWORD,IMAGE,WARRANTY_START_DATE,WARRANTY_END_DATE) values (777,'testttttt',181,184,'test',1,'test','1',208,0,0,'test','test',null,null,null);
Insert into ITSTOCK.ITEMS (ID,LABEL,LOCATION_ID,BRAND_ID,SERIAL_NUMBER,CONDITION_ID,NOTES,AVAILABILITY,TYPE_ID,DELETED,CURRENT_LOCATION_ID,MODEL,KEYWORD,IMAGE,WARRANTY_START_DATE,WARRANTY_END_DATE) values (780,null,142,185,null,3,null,'1',213,0,0,null,'English-Arabic(USB)',null,null,null);
Insert into ITSTOCK.ITEMS (ID,LABEL,LOCATION_ID,BRAND_ID,SERIAL_NUMBER,CONDITION_ID,NOTES,AVAILABILITY,TYPE_ID,DELETED,CURRENT_LOCATION_ID,MODEL,KEYWORD,IMAGE,WARRANTY_START_DATE,WARRANTY_END_DATE) values (775,null,189,230,null,1,null,'1',222,0,0,'TZe-221 9mm','Label Machine Tape',null,null,null);
Insert into ITSTOCK.ITEMS (ID,LABEL,LOCATION_ID,BRAND_ID,SERIAL_NUMBER,CONDITION_ID,NOTES,AVAILABILITY,TYPE_ID,DELETED,CURRENT_LOCATION_ID,MODEL,KEYWORD,IMAGE,WARRANTY_START_DATE,WARRANTY_END_DATE) values (773,null,189,230,null,1,null,'1',222,0,0,'TZe-221 9mm','Label Machine Tape',null,null,null);
Insert into ITSTOCK.ITEMS (ID,LABEL,LOCATION_ID,BRAND_ID,SERIAL_NUMBER,CONDITION_ID,NOTES,AVAILABILITY,TYPE_ID,DELETED,CURRENT_LOCATION_ID,MODEL,KEYWORD,IMAGE,WARRANTY_START_DATE,WARRANTY_END_DATE) values (753,'IT-HDD32',189,227,'D02289 0984',2,null,'0',221,0,2,'StoreJet','2 TB',null,null,null);
Insert into ITSTOCK.ITEMS (ID,LABEL,LOCATION_ID,BRAND_ID,SERIAL_NUMBER,CONDITION_ID,NOTES,AVAILABILITY,TYPE_ID,DELETED,CURRENT_LOCATION_ID,MODEL,KEYWORD,IMAGE,WARRANTY_START_DATE,WARRANTY_END_DATE) values (776,null,189,230,null,1,null,'1',222,0,0,'TZe-221 9mm','Label Machine Tape',null,null,null);
Insert into ITSTOCK.ITEMS (ID,LABEL,LOCATION_ID,BRAND_ID,SERIAL_NUMBER,CONDITION_ID,NOTES,AVAILABILITY,TYPE_ID,DELETED,CURRENT_LOCATION_ID,MODEL,KEYWORD,IMAGE,WARRANTY_START_DATE,WARRANTY_END_DATE) values (921,'!$#DELETE!$#921',146,181,'!$#DELETE!$#921',1,'DELETE','1',262,1,0,'DELETE','DELETE',null,to_date('27-MAY-17','DD-MON-RR'),to_date('31-AUG-17','DD-MON-RR'));
Insert into ITSTOCK.ITEMS (ID,LABEL,LOCATION_ID,BRAND_ID,SERIAL_NUMBER,CONDITION_ID,NOTES,AVAILABILITY,TYPE_ID,DELETED,CURRENT_LOCATION_ID,MODEL,KEYWORD,IMAGE,WARRANTY_START_DATE,WARRANTY_END_DATE) values (922,null,141,167,null,1,'DELETEME','0',262,0,81,'DELETEME','DELETEME',null,null,null);
Insert into ITSTOCK.ITEMS (ID,LABEL,LOCATION_ID,BRAND_ID,SERIAL_NUMBER,CONDITION_ID,NOTES,AVAILABILITY,TYPE_ID,DELETED,CURRENT_LOCATION_ID,MODEL,KEYWORD,IMAGE,WARRANTY_START_DATE,WARRANTY_END_DATE) values (846,null,142,181,null,1,null,'0',188,0,1,'HS-30',null,null,null,null);
Insert into ITSTOCK.ITEMS (ID,LABEL,LOCATION_ID,BRAND_ID,SERIAL_NUMBER,CONDITION_ID,NOTES,AVAILABILITY,TYPE_ID,DELETED,CURRENT_LOCATION_ID,MODEL,KEYWORD,IMAGE,WARRANTY_START_DATE,WARRANTY_END_DATE) values (847,null,142,181,null,1,null,'1',188,0,0,'HS-30',null,null,null,null);
Insert into ITSTOCK.ITEMS (ID,LABEL,LOCATION_ID,BRAND_ID,SERIAL_NUMBER,CONDITION_ID,NOTES,AVAILABILITY,TYPE_ID,DELETED,CURRENT_LOCATION_ID,MODEL,KEYWORD,IMAGE,WARRANTY_START_DATE,WARRANTY_END_DATE) values (848,null,142,181,null,1,null,'1',188,0,0,'HS-30',null,null,null,null);
Insert into ITSTOCK.ITEMS (ID,LABEL,LOCATION_ID,BRAND_ID,SERIAL_NUMBER,CONDITION_ID,NOTES,AVAILABILITY,TYPE_ID,DELETED,CURRENT_LOCATION_ID,MODEL,KEYWORD,IMAGE,WARRANTY_START_DATE,WARRANTY_END_DATE) values (850,null,142,181,null,1,null,'1',188,0,0,'HS-30',null,null,null,null);
Insert into ITSTOCK.ITEMS (ID,LABEL,LOCATION_ID,BRAND_ID,SERIAL_NUMBER,CONDITION_ID,NOTES,AVAILABILITY,TYPE_ID,DELETED,CURRENT_LOCATION_ID,MODEL,KEYWORD,IMAGE,WARRANTY_START_DATE,WARRANTY_END_DATE) values (845,null,142,181,null,1,null,'0',188,0,1,'HS-30',null,null,null,null);
Insert into ITSTOCK.ITEMS (ID,LABEL,LOCATION_ID,BRAND_ID,SERIAL_NUMBER,CONDITION_ID,NOTES,AVAILABILITY,TYPE_ID,DELETED,CURRENT_LOCATION_ID,MODEL,KEYWORD,IMAGE,WARRANTY_START_DATE,WARRANTY_END_DATE) values (849,null,142,181,null,1,null,'1',188,0,0,'HS-30',null,null,null,null);
Insert into ITSTOCK.ITEMS (ID,LABEL,LOCATION_ID,BRAND_ID,SERIAL_NUMBER,CONDITION_ID,NOTES,AVAILABILITY,TYPE_ID,DELETED,CURRENT_LOCATION_ID,MODEL,KEYWORD,IMAGE,WARRANTY_START_DATE,WARRANTY_END_DATE) values (913,'IT-USB05',189,281,null,1,null,'1',223,0,0,'D33466','16 GB','Apacer-16GB.jpg',null,null);
Insert into ITSTOCK.ITEMS (ID,LABEL,LOCATION_ID,BRAND_ID,SERIAL_NUMBER,CONDITION_ID,NOTES,AVAILABILITY,TYPE_ID,DELETED,CURRENT_LOCATION_ID,MODEL,KEYWORD,IMAGE,WARRANTY_START_DATE,WARRANTY_END_DATE) values (914,'IT-USB06',189,281,null,1,null,'1',223,0,0,'D33466','16 GB','Apacer-16GB.jpg',null,null);
Insert into ITSTOCK.ITEMS (ID,LABEL,LOCATION_ID,BRAND_ID,SERIAL_NUMBER,CONDITION_ID,NOTES,AVAILABILITY,TYPE_ID,DELETED,CURRENT_LOCATION_ID,MODEL,KEYWORD,IMAGE,WARRANTY_START_DATE,WARRANTY_END_DATE) values (915,'IT-USB07',189,281,null,1,null,'1',223,0,0,'D33466','16 GB','Apacer2-16GB.jpg',null,null);
Insert into ITSTOCK.ITEMS (ID,LABEL,LOCATION_ID,BRAND_ID,SERIAL_NUMBER,CONDITION_ID,NOTES,AVAILABILITY,TYPE_ID,DELETED,CURRENT_LOCATION_ID,MODEL,KEYWORD,IMAGE,WARRANTY_START_DATE,WARRANTY_END_DATE) values (916,'IT-USB08',189,281,null,1,null,'1',223,0,0,'D33466','16 GB','Apacer2-16GB.jpg',null,null);
Insert into ITSTOCK.ITEMS (ID,LABEL,LOCATION_ID,BRAND_ID,SERIAL_NUMBER,CONDITION_ID,NOTES,AVAILABILITY,TYPE_ID,DELETED,CURRENT_LOCATION_ID,MODEL,KEYWORD,IMAGE,WARRANTY_START_DATE,WARRANTY_END_DATE) values (917,'IT-USB09',189,281,null,1,null,'1',223,0,0,'D33466','16 GB','Apacer-16GB.jpg',null,null);
Insert into ITSTOCK.ITEMS (ID,LABEL,LOCATION_ID,BRAND_ID,SERIAL_NUMBER,CONDITION_ID,NOTES,AVAILABILITY,TYPE_ID,DELETED,CURRENT_LOCATION_ID,MODEL,KEYWORD,IMAGE,WARRANTY_START_DATE,WARRANTY_END_DATE) values (871,'IT-Support-10',187,163,'2CE1510CPS',4,null,'1',162,0,0,'Pavillion dv6',null,null,null,null);
Insert into ITSTOCK.ITEMS (ID,LABEL,LOCATION_ID,BRAND_ID,SERIAL_NUMBER,CONDITION_ID,NOTES,AVAILABILITY,TYPE_ID,DELETED,CURRENT_LOCATION_ID,MODEL,KEYWORD,IMAGE,WARRANTY_START_DATE,WARRANTY_END_DATE) values (872,null,142,181,null,2,null,'1',188,0,0,'HS-30',null,null,null,null);
Insert into ITSTOCK.ITEMS (ID,LABEL,LOCATION_ID,BRAND_ID,SERIAL_NUMBER,CONDITION_ID,NOTES,AVAILABILITY,TYPE_ID,DELETED,CURRENT_LOCATION_ID,MODEL,KEYWORD,IMAGE,WARRANTY_START_DATE,WARRANTY_END_DATE) values (873,'IT-Support-01',187,162,'WB15266563',2,'Left Click in the touch-Pad is bad ','1',162,0,0,'Ideapad S510p',null,'Lenovo-Ideapad-S510p.jpg',null,null);
Insert into ITSTOCK.ITEMS (ID,LABEL,LOCATION_ID,BRAND_ID,SERIAL_NUMBER,CONDITION_ID,NOTES,AVAILABILITY,TYPE_ID,DELETED,CURRENT_LOCATION_ID,MODEL,KEYWORD,IMAGE,WARRANTY_START_DATE,WARRANTY_END_DATE) values (874,null,142,185,null,3,null,'1',213,0,0,'KB212-B','USB/English','Keyboard Dell KB212-B.jpg',null,null);
Insert into ITSTOCK.ITEMS (ID,LABEL,LOCATION_ID,BRAND_ID,SERIAL_NUMBER,CONDITION_ID,NOTES,AVAILABILITY,TYPE_ID,DELETED,CURRENT_LOCATION_ID,MODEL,KEYWORD,IMAGE,WARRANTY_START_DATE,WARRANTY_END_DATE) values (875,null,142,185,null,3,null,'1',213,0,0,'KB212-B','USB/English','Keyboard Dell KB212-B.jpg',null,null);
Insert into ITSTOCK.ITEMS (ID,LABEL,LOCATION_ID,BRAND_ID,SERIAL_NUMBER,CONDITION_ID,NOTES,AVAILABILITY,TYPE_ID,DELETED,CURRENT_LOCATION_ID,MODEL,KEYWORD,IMAGE,WARRANTY_START_DATE,WARRANTY_END_DATE) values (876,null,181,162,'3L798J1610B',2,null,'1',181,0,0,'MSU1175','USB','Lenovo mouse.jpg',null,null);
Insert into ITSTOCK.ITEMS (ID,LABEL,LOCATION_ID,BRAND_ID,SERIAL_NUMBER,CONDITION_ID,NOTES,AVAILABILITY,TYPE_ID,DELETED,CURRENT_LOCATION_ID,MODEL,KEYWORD,IMAGE,WARRANTY_START_DATE,WARRANTY_END_DATE) values (877,null,181,163,null,3,null,'1',181,0,0,null,'USB',null,null,null);
Insert into ITSTOCK.ITEMS (ID,LABEL,LOCATION_ID,BRAND_ID,SERIAL_NUMBER,CONDITION_ID,NOTES,AVAILABILITY,TYPE_ID,DELETED,CURRENT_LOCATION_ID,MODEL,KEYWORD,IMAGE,WARRANTY_START_DATE,WARRANTY_END_DATE) values (893,null,142,181,null,1,null,'1',213,0,0,'3100N PADLESS Wireless Desktop ','PADLESS Wireless',null,null,null);
Insert into ITSTOCK.ITEMS (ID,LABEL,LOCATION_ID,BRAND_ID,SERIAL_NUMBER,CONDITION_ID,NOTES,AVAILABILITY,TYPE_ID,DELETED,CURRENT_LOCATION_ID,MODEL,KEYWORD,IMAGE,WARRANTY_START_DATE,WARRANTY_END_DATE) values (22,'!$#!$#22',181,181,'!$#!$#22',1,'1','1',181,1,0,null,null,'a4tech-mouse.jpg',null,null);
Insert into ITSTOCK.ITEMS (ID,LABEL,LOCATION_ID,BRAND_ID,SERIAL_NUMBER,CONDITION_ID,NOTES,AVAILABILITY,TYPE_ID,DELETED,CURRENT_LOCATION_ID,MODEL,KEYWORD,IMAGE,WARRANTY_START_DATE,WARRANTY_END_DATE) values (49,'!$#!$#49',142,181,'!$#!$#49',4,null,'1',188,1,0,null,null,null,null,null);
Insert into ITSTOCK.ITEMS (ID,LABEL,LOCATION_ID,BRAND_ID,SERIAL_NUMBER,CONDITION_ID,NOTES,AVAILABILITY,TYPE_ID,DELETED,CURRENT_LOCATION_ID,MODEL,KEYWORD,IMAGE,WARRANTY_START_DATE,WARRANTY_END_DATE) values (39,null,222,188,null,8,'Black','1',185,0,0,null,'250 GB (3.5 Inch)',null,null,null);
Insert into ITSTOCK.ITEMS (ID,LABEL,LOCATION_ID,BRAND_ID,SERIAL_NUMBER,CONDITION_ID,NOTES,AVAILABILITY,TYPE_ID,DELETED,CURRENT_LOCATION_ID,MODEL,KEYWORD,IMAGE,WARRANTY_START_DATE,WARRANTY_END_DATE) values (51,'!$#!$#51',181,184,'!$#!$#51',8,null,'1',182,1,0,null,null,null,null,null);
Insert into ITSTOCK.ITEMS (ID,LABEL,LOCATION_ID,BRAND_ID,SERIAL_NUMBER,CONDITION_ID,NOTES,AVAILABILITY,TYPE_ID,DELETED,CURRENT_LOCATION_ID,MODEL,KEYWORD,IMAGE,WARRANTY_START_DATE,WARRANTY_END_DATE) values (58,null,181,184,null,4,null,'1',192,0,0,null,null,null,null,null);
Insert into ITSTOCK.ITEMS (ID,LABEL,LOCATION_ID,BRAND_ID,SERIAL_NUMBER,CONDITION_ID,NOTES,AVAILABILITY,TYPE_ID,DELETED,CURRENT_LOCATION_ID,MODEL,KEYWORD,IMAGE,WARRANTY_START_DATE,WARRANTY_END_DATE) values (62,'!$#!$#62',184,193,'!$#!$#62',1,'USB to HDMI ','1',195,1,0,null,null,null,null,null);
Insert into ITSTOCK.ITEMS (ID,LABEL,LOCATION_ID,BRAND_ID,SERIAL_NUMBER,CONDITION_ID,NOTES,AVAILABILITY,TYPE_ID,DELETED,CURRENT_LOCATION_ID,MODEL,KEYWORD,IMAGE,WARRANTY_START_DATE,WARRANTY_END_DATE) values (63,null,184,184,null,1,null,'1',195,0,0,null,'(VGA to S-Video) (S-Video to VGA)','download.jpg',null,null);
Insert into ITSTOCK.ITEMS (ID,LABEL,LOCATION_ID,BRAND_ID,SERIAL_NUMBER,CONDITION_ID,NOTES,AVAILABILITY,TYPE_ID,DELETED,CURRENT_LOCATION_ID,MODEL,KEYWORD,IMAGE,WARRANTY_START_DATE,WARRANTY_END_DATE) values (73,null,185,195,null,1,'Duplicates VGA signal to 4 outputs for Multi-Monitors','1',197,0,0,null,'4-Port Video Splitter',null,null,null);
Insert into ITSTOCK.ITEMS (ID,LABEL,LOCATION_ID,BRAND_ID,SERIAL_NUMBER,CONDITION_ID,NOTES,AVAILABILITY,TYPE_ID,DELETED,CURRENT_LOCATION_ID,MODEL,KEYWORD,IMAGE,WARRANTY_START_DATE,WARRANTY_END_DATE) values (76,null,185,196,'K0128117',3,'1x SDI IN   2x SDI Out   Audio IN/OUT','1',198,0,0,'HD10AMA',null,null,null,null);
Insert into ITSTOCK.ITEMS (ID,LABEL,LOCATION_ID,BRAND_ID,SERIAL_NUMBER,CONDITION_ID,NOTES,AVAILABILITY,TYPE_ID,DELETED,CURRENT_LOCATION_ID,MODEL,KEYWORD,IMAGE,WARRANTY_START_DATE,WARRANTY_END_DATE) values (78,null,185,196,'K0194966',2,null,'1',200,0,0,null,null,null,null,null);
Insert into ITSTOCK.ITEMS (ID,LABEL,LOCATION_ID,BRAND_ID,SERIAL_NUMBER,CONDITION_ID,NOTES,AVAILABILITY,TYPE_ID,DELETED,CURRENT_LOCATION_ID,MODEL,KEYWORD,IMAGE,WARRANTY_START_DATE,WARRANTY_END_DATE) values (87,'!$#DELETE ME!$#87',184,184,'!$#DELETE ME!$#87',1,'DELETE MEDELETE MEDELETE MEDELETE MEDELETE ME','0',193,1,9,'DELETE ME',null,null,null,null);
Insert into ITSTOCK.ITEMS (ID,LABEL,LOCATION_ID,BRAND_ID,SERIAL_NUMBER,CONDITION_ID,NOTES,AVAILABILITY,TYPE_ID,DELETED,CURRENT_LOCATION_ID,MODEL,KEYWORD,IMAGE,WARRANTY_START_DATE,WARRANTY_END_DATE) values (88,null,184,203,null,1,'Used for AutoCue','1',193,0,0,'Pro v2 Computer Controller',null,null,null,null);
Insert into ITSTOCK.ITEMS (ID,LABEL,LOCATION_ID,BRAND_ID,SERIAL_NUMBER,CONDITION_ID,NOTES,AVAILABILITY,TYPE_ID,DELETED,CURRENT_LOCATION_ID,MODEL,KEYWORD,IMAGE,WARRANTY_START_DATE,WARRANTY_END_DATE) values (99,'Blade1',186,208,'B4A945MB50D55',2,'Shoot video the way you intended and capture directly from your professional SDI camera to Apple ProRes or Avid DNxHD. Record high-resolution proxies from Arri and Red and edit inside a responsive timeline until you are ready playout.','1',210,0,0,'SAMURAI BLADE',null,null,null,null);
Insert into ITSTOCK.ITEMS (ID,LABEL,LOCATION_ID,BRAND_ID,SERIAL_NUMBER,CONDITION_ID,NOTES,AVAILABILITY,TYPE_ID,DELETED,CURRENT_LOCATION_ID,MODEL,KEYWORD,IMAGE,WARRANTY_START_DATE,WARRANTY_END_DATE) values (104,'!$#!$#104',142,181,'!$#!$#104',1,null,'1',213,1,0,null,'English/Arabic(USB)',null,null,null);
Insert into ITSTOCK.ITEMS (ID,LABEL,LOCATION_ID,BRAND_ID,SERIAL_NUMBER,CONDITION_ID,NOTES,AVAILABILITY,TYPE_ID,DELETED,CURRENT_LOCATION_ID,MODEL,KEYWORD,IMAGE,WARRANTY_START_DATE,WARRANTY_END_DATE) values (105,null,142,210,null,1,null,'1',213,0,0,null,'English(USB)',null,null,null);
Insert into ITSTOCK.ITEMS (ID,LABEL,LOCATION_ID,BRAND_ID,SERIAL_NUMBER,CONDITION_ID,NOTES,AVAILABILITY,TYPE_ID,DELETED,CURRENT_LOCATION_ID,MODEL,KEYWORD,IMAGE,WARRANTY_START_DATE,WARRANTY_END_DATE) values (121,null,183,214,null,1,'2x BNC IN
2x BNC OUT','1',202,0,0,null,null,null,null,null);
Insert into ITSTOCK.ITEMS (ID,LABEL,LOCATION_ID,BRAND_ID,SERIAL_NUMBER,CONDITION_ID,NOTES,AVAILABILITY,TYPE_ID,DELETED,CURRENT_LOCATION_ID,MODEL,KEYWORD,IMAGE,WARRANTY_START_DATE,WARRANTY_END_DATE) values (124,null,184,216,null,2,null,'1',195,0,0,'930C','Analog to USB',null,null,null);
Insert into ITSTOCK.ITEMS (ID,LABEL,LOCATION_ID,BRAND_ID,SERIAL_NUMBER,CONDITION_ID,NOTES,AVAILABILITY,TYPE_ID,DELETED,CURRENT_LOCATION_ID,MODEL,KEYWORD,IMAGE,WARRANTY_START_DATE,WARRANTY_END_DATE) values (125,null,184,242,null,1,'Connect devices with a 9-pin serial port, such as switches, routers, barcode scanners and network storage devices, to the USB Type-A port on your computer or laptop.
 ','1',195,0,0,'Keyspan USA-19HS','USB to Serial',null,null,null);
Insert into ITSTOCK.ITEMS (ID,LABEL,LOCATION_ID,BRAND_ID,SERIAL_NUMBER,CONDITION_ID,NOTES,AVAILABILITY,TYPE_ID,DELETED,CURRENT_LOCATION_ID,MODEL,KEYWORD,IMAGE,WARRANTY_START_DATE,WARRANTY_END_DATE) values (134,null,187,211,null,8,'85W','1',206,0,0,'Macbook adapter',null,null,null,null);
Insert into ITSTOCK.ITEMS (ID,LABEL,LOCATION_ID,BRAND_ID,SERIAL_NUMBER,CONDITION_ID,NOTES,AVAILABILITY,TYPE_ID,DELETED,CURRENT_LOCATION_ID,MODEL,KEYWORD,IMAGE,WARRANTY_START_DATE,WARRANTY_END_DATE) values (141,null,187,184,null,1,'220V-110V AC Converter 300W','1',207,0,0,null,'AC Converter',null,null,null);
Insert into ITSTOCK.ITEMS (ID,LABEL,LOCATION_ID,BRAND_ID,SERIAL_NUMBER,CONDITION_ID,NOTES,AVAILABILITY,TYPE_ID,DELETED,CURRENT_LOCATION_ID,MODEL,KEYWORD,IMAGE,WARRANTY_START_DATE,WARRANTY_END_DATE) values (144,null,187,220,null,1,'1.2V 50mA','1',207,0,0,null,'Battery Charger',null,null,null);
Insert into ITSTOCK.ITEMS (ID,LABEL,LOCATION_ID,BRAND_ID,SERIAL_NUMBER,CONDITION_ID,NOTES,AVAILABILITY,TYPE_ID,DELETED,CURRENT_LOCATION_ID,MODEL,KEYWORD,IMAGE,WARRANTY_START_DATE,WARRANTY_END_DATE) values (146,null,187,184,null,4,null,'1',207,0,0,null,'Electricity accessories ',null,null,null);
Insert into ITSTOCK.ITEMS (ID,LABEL,LOCATION_ID,BRAND_ID,SERIAL_NUMBER,CONDITION_ID,NOTES,AVAILABILITY,TYPE_ID,DELETED,CURRENT_LOCATION_ID,MODEL,KEYWORD,IMAGE,WARRANTY_START_DATE,WARRANTY_END_DATE) values (151,null,187,184,null,1,'6 Outlet','1',207,0,0,null,'Power Electrical Plug Socket',null,null,null);
Insert into ITSTOCK.ITEMS (ID,LABEL,LOCATION_ID,BRAND_ID,SERIAL_NUMBER,CONDITION_ID,NOTES,AVAILABILITY,TYPE_ID,DELETED,CURRENT_LOCATION_ID,MODEL,KEYWORD,IMAGE,WARRANTY_START_DATE,WARRANTY_END_DATE) values (153,null,187,222,null,8,'ATX-500W','1',219,0,0,null,null,null,null,null);
Insert into ITSTOCK.ITEMS (ID,LABEL,LOCATION_ID,BRAND_ID,SERIAL_NUMBER,CONDITION_ID,NOTES,AVAILABILITY,TYPE_ID,DELETED,CURRENT_LOCATION_ID,MODEL,KEYWORD,IMAGE,WARRANTY_START_DATE,WARRANTY_END_DATE) values (157,'!$#!$#157',188,206,'!$#!$#157',8,null,'1',209,1,0,'Splitter',null,null,null,null);
Insert into ITSTOCK.ITEMS (ID,LABEL,LOCATION_ID,BRAND_ID,SERIAL_NUMBER,CONDITION_ID,NOTES,AVAILABILITY,TYPE_ID,DELETED,CURRENT_LOCATION_ID,MODEL,KEYWORD,IMAGE,WARRANTY_START_DATE,WARRANTY_END_DATE) values (171,'Capturer Ingest-1',188,201,'687706',1,'Used for Capturer Ingest','1',202,0,0,'BMDPCB95 REV-A1',null,null,null,null);
Insert into ITSTOCK.ITEMS (ID,LABEL,LOCATION_ID,BRAND_ID,SERIAL_NUMBER,CONDITION_ID,NOTES,AVAILABILITY,TYPE_ID,DELETED,CURRENT_LOCATION_ID,MODEL,KEYWORD,IMAGE,WARRANTY_START_DATE,WARRANTY_END_DATE) values (192,'!$#!$#192',181,181,'!$#!$#192',1,null,'1',181,1,0,null,'USB','a4tech-mouse.jpg',null,null);
Insert into ITSTOCK.ITEMS (ID,LABEL,LOCATION_ID,BRAND_ID,SERIAL_NUMBER,CONDITION_ID,NOTES,AVAILABILITY,TYPE_ID,DELETED,CURRENT_LOCATION_ID,MODEL,KEYWORD,IMAGE,WARRANTY_START_DATE,WARRANTY_END_DATE) values (303,'!$#!$#303',181,184,'!$#!$#303',8,null,'1',182,1,0,null,'PCI Express',null,null,null);
Insert into ITSTOCK.ITEMS (ID,LABEL,LOCATION_ID,BRAND_ID,SERIAL_NUMBER,CONDITION_ID,NOTES,AVAILABILITY,TYPE_ID,DELETED,CURRENT_LOCATION_ID,MODEL,KEYWORD,IMAGE,WARRANTY_START_DATE,WARRANTY_END_DATE) values (308,null,202,241,null,8,null,'1',242,0,0,'IEEE 1394','PCI Express',null,null,null);
Insert into ITSTOCK.ITEMS (ID,LABEL,LOCATION_ID,BRAND_ID,SERIAL_NUMBER,CONDITION_ID,NOTES,AVAILABILITY,TYPE_ID,DELETED,CURRENT_LOCATION_ID,MODEL,KEYWORD,IMAGE,WARRANTY_START_DATE,WARRANTY_END_DATE) values (774,null,189,230,null,1,null,'1',222,0,0,'TZe-221 9mm','Label Machine Tape',null,null,null);
Insert into ITSTOCK.ITEMS (ID,LABEL,LOCATION_ID,BRAND_ID,SERIAL_NUMBER,CONDITION_ID,NOTES,AVAILABILITY,TYPE_ID,DELETED,CURRENT_LOCATION_ID,MODEL,KEYWORD,IMAGE,WARRANTY_START_DATE,WARRANTY_END_DATE) values (779,null,183,206,'181213016265',1,null,'1',209,0,0,'FirePro V5900','PCI Express 16 (2GB)',null,null,null);
Insert into ITSTOCK.ITEMS (ID,LABEL,LOCATION_ID,BRAND_ID,SERIAL_NUMBER,CONDITION_ID,NOTES,AVAILABILITY,TYPE_ID,DELETED,CURRENT_LOCATION_ID,MODEL,KEYWORD,IMAGE,WARRANTY_START_DATE,WARRANTY_END_DATE) values (407,null,202,212,null,1,'PNY NVIDIA 600-50762-0501-200 C Stereo Connector Bracket For Quadro FX 3800','1',209,0,0,'PNY NVIDIA 600-50762-0501-200 C','3 Pin Setreo Connector',null,null,null);
Insert into ITSTOCK.ITEMS (ID,LABEL,LOCATION_ID,BRAND_ID,SERIAL_NUMBER,CONDITION_ID,NOTES,AVAILABILITY,TYPE_ID,DELETED,CURRENT_LOCATION_ID,MODEL,KEYWORD,IMAGE,WARRANTY_START_DATE,WARRANTY_END_DATE) values (339,null,202,211,null,8,'Apple Airport Extreme Bcm94322 Mc Wireless Wifi Card For All Mac Pro Mb988 Z/A','1',243,0,0,'MB988Z/A, BCM94322MC','Wireless Wifi Card For Mac',null,null,null);
Insert into ITSTOCK.ITEMS (ID,LABEL,LOCATION_ID,BRAND_ID,SERIAL_NUMBER,CONDITION_ID,NOTES,AVAILABILITY,TYPE_ID,DELETED,CURRENT_LOCATION_ID,MODEL,KEYWORD,IMAGE,WARRANTY_START_DATE,WARRANTY_END_DATE) values (438,null,201,184,null,1,null,'1',195,0,0,null,'DVI to VGA','download.jpg',null,null);
Insert into ITSTOCK.ITEMS (ID,LABEL,LOCATION_ID,BRAND_ID,SERIAL_NUMBER,CONDITION_ID,NOTES,AVAILABILITY,TYPE_ID,DELETED,CURRENT_LOCATION_ID,MODEL,KEYWORD,IMAGE,WARRANTY_START_DATE,WARRANTY_END_DATE) values (444,null,201,184,null,1,null,'1',195,0,0,'HDTV Adapter','USB 2.0 to HDMI',null,null,null);
Insert into ITSTOCK.ITEMS (ID,LABEL,LOCATION_ID,BRAND_ID,SERIAL_NUMBER,CONDITION_ID,NOTES,AVAILABILITY,TYPE_ID,DELETED,CURRENT_LOCATION_ID,MODEL,KEYWORD,IMAGE,WARRANTY_START_DATE,WARRANTY_END_DATE) values (446,null,201,184,null,1,null,'1',195,0,0,null,'Amplifier Internet Network','download.jpg',null,null);
Insert into ITSTOCK.ITEMS (ID,LABEL,LOCATION_ID,BRAND_ID,SERIAL_NUMBER,CONDITION_ID,NOTES,AVAILABILITY,TYPE_ID,DELETED,CURRENT_LOCATION_ID,MODEL,KEYWORD,IMAGE,WARRANTY_START_DATE,WARRANTY_END_DATE) values (447,null,201,184,null,1,null,'1',195,0,0,null,'VGA to DVI Adapter','download.jpg',null,null);
Insert into ITSTOCK.ITEMS (ID,LABEL,LOCATION_ID,BRAND_ID,SERIAL_NUMBER,CONDITION_ID,NOTES,AVAILABILITY,TYPE_ID,DELETED,CURRENT_LOCATION_ID,MODEL,KEYWORD,IMAGE,WARRANTY_START_DATE,WARRANTY_END_DATE) values (431,'IT-Support-12',187,163,'2CE302116H',2,'Formatted @ Tue 18-08-2017','0',162,0,1,'ProBook 4540s',null,null,null,null);
Insert into ITSTOCK.ITEMS (ID,LABEL,LOCATION_ID,BRAND_ID,SERIAL_NUMBER,CONDITION_ID,NOTES,AVAILABILITY,TYPE_ID,DELETED,CURRENT_LOCATION_ID,MODEL,KEYWORD,IMAGE,WARRANTY_START_DATE,WARRANTY_END_DATE) values (450,null,201,184,null,1,null,'1',195,0,0,null,'Mini HDMI to HDMI','download.jpg',null,null);
Insert into ITSTOCK.ITEMS (ID,LABEL,LOCATION_ID,BRAND_ID,SERIAL_NUMBER,CONDITION_ID,NOTES,AVAILABILITY,TYPE_ID,DELETED,CURRENT_LOCATION_ID,MODEL,KEYWORD,IMAGE,WARRANTY_START_DATE,WARRANTY_END_DATE) values (452,null,187,184,null,1,null,'1',207,0,0,null,'Power Electrical Plug Socket',null,null,null);
Insert into ITSTOCK.ITEMS (ID,LABEL,LOCATION_ID,BRAND_ID,SERIAL_NUMBER,CONDITION_ID,NOTES,AVAILABILITY,TYPE_ID,DELETED,CURRENT_LOCATION_ID,MODEL,KEYWORD,IMAGE,WARRANTY_START_DATE,WARRANTY_END_DATE) values (454,null,142,209,null,1,null,'1',211,0,0,'DVD-R 2x-56x','4.7GB',null,null,null);
Insert into ITSTOCK.ITEMS (ID,LABEL,LOCATION_ID,BRAND_ID,SERIAL_NUMBER,CONDITION_ID,NOTES,AVAILABILITY,TYPE_ID,DELETED,CURRENT_LOCATION_ID,MODEL,KEYWORD,IMAGE,WARRANTY_START_DATE,WARRANTY_END_DATE) values (456,'!$#!$#456',142,209,'!$#!$#456',1,null,'1',211,1,0,'DVD-R 2x-56x','4.7GB',null,null,null);
Insert into ITSTOCK.ITEMS (ID,LABEL,LOCATION_ID,BRAND_ID,SERIAL_NUMBER,CONDITION_ID,NOTES,AVAILABILITY,TYPE_ID,DELETED,CURRENT_LOCATION_ID,MODEL,KEYWORD,IMAGE,WARRANTY_START_DATE,WARRANTY_END_DATE) values (463,null,189,262,null,8,'150M 802.11bgn Wireless N USB Adapter driver','1',261,0,0,'BL-LW05AR','Wireless N USB Adapter',null,null,null);
Insert into ITSTOCK.ITEMS (ID,LABEL,LOCATION_ID,BRAND_ID,SERIAL_NUMBER,CONDITION_ID,NOTES,AVAILABILITY,TYPE_ID,DELETED,CURRENT_LOCATION_ID,MODEL,KEYWORD,IMAGE,WARRANTY_START_DATE,WARRANTY_END_DATE) values (477,null,221,264,null,8,'Point of View GeForce GT 610 graphics card - GF GT 610 - 2 GB','1',209,0,0,'GeForce GT610','PCI Express(2GB)',null,null,null);
Insert into ITSTOCK.ITEMS (ID,LABEL,LOCATION_ID,BRAND_ID,SERIAL_NUMBER,CONDITION_ID,NOTES,AVAILABILITY,TYPE_ID,DELETED,CURRENT_LOCATION_ID,MODEL,KEYWORD,IMAGE,WARRANTY_START_DATE,WARRANTY_END_DATE) values (479,null,221,264,null,8,'Point of View GeForce GT 610 graphics card - GF GT 610 - 2 GB','1',209,0,0,'GeForce GT610','PCI Express(2GB)',null,null,null);
Insert into ITSTOCK.ITEMS (ID,LABEL,LOCATION_ID,BRAND_ID,SERIAL_NUMBER,CONDITION_ID,NOTES,AVAILABILITY,TYPE_ID,DELETED,CURRENT_LOCATION_ID,MODEL,KEYWORD,IMAGE,WARRANTY_START_DATE,WARRANTY_END_DATE) values (482,null,221,206,null,8,'AMD ATI Radeon HD6350 PCI-Express Video Card. The AMD Radeon graphic card delivers world-class HD graphics performance plus GPU-accelerated gaming effects, lightning fast video and image processing, and full 3D Vision support allowing you to game in ','1',209,0,0,'Radeon HD 6350','Need Dual DVI Splitter Cable',null,null,null);
Insert into ITSTOCK.ITEMS (ID,LABEL,LOCATION_ID,BRAND_ID,SERIAL_NUMBER,CONDITION_ID,NOTES,AVAILABILITY,TYPE_ID,DELETED,CURRENT_LOCATION_ID,MODEL,KEYWORD,IMAGE,WARRANTY_START_DATE,WARRANTY_END_DATE) values (486,null,188,206,null,8,'AMD ATI Radeon HD6350 PCI-Express Video Card. The AMD Radeon graphic card delivers world-class HD graphics performance plus GPU-accelerated gaming effects, lightning fast video and image processing, and full 3D Vision support allowing you to game in ','1',209,0,0,'Radeon HD 6350','Need Dual DVI Splitter Cable',null,null,null);
Insert into ITSTOCK.ITEMS (ID,LABEL,LOCATION_ID,BRAND_ID,SERIAL_NUMBER,CONDITION_ID,NOTES,AVAILABILITY,TYPE_ID,DELETED,CURRENT_LOCATION_ID,MODEL,KEYWORD,IMAGE,WARRANTY_START_DATE,WARRANTY_END_DATE) values (489,null,188,206,null,8,'AMD ATI Radeon HD6350 PCI-Express Video Card. The AMD Radeon graphic card delivers world-class HD graphics performance plus GPU-accelerated gaming effects, lightning fast video and image processing, and full 3D Vision support allowing you to game in ','1',209,0,0,'Radeon HD 6350','Need Dual DVI Splitter Cable',null,null,null);
Insert into ITSTOCK.ITEMS (ID,LABEL,LOCATION_ID,BRAND_ID,SERIAL_NUMBER,CONDITION_ID,NOTES,AVAILABILITY,TYPE_ID,DELETED,CURRENT_LOCATION_ID,MODEL,KEYWORD,IMAGE,WARRANTY_START_DATE,WARRANTY_END_DATE) values (548,'!$#!$#548',181,184,'!$#!$#548',8,null,'1',182,1,0,null,'PCIe x16 (1 port)',null,null,null);
Insert into ITSTOCK.ITEMS (ID,LABEL,LOCATION_ID,BRAND_ID,SERIAL_NUMBER,CONDITION_ID,NOTES,AVAILABILITY,TYPE_ID,DELETED,CURRENT_LOCATION_ID,MODEL,KEYWORD,IMAGE,WARRANTY_START_DATE,WARRANTY_END_DATE) values (550,'!$#!$#550',181,184,'!$#!$#550',8,null,'1',182,1,0,null,'PCIe x16 (1 port)',null,null,null);
Insert into ITSTOCK.ITEMS (ID,LABEL,LOCATION_ID,BRAND_ID,SERIAL_NUMBER,CONDITION_ID,NOTES,AVAILABILITY,TYPE_ID,DELETED,CURRENT_LOCATION_ID,MODEL,KEYWORD,IMAGE,WARRANTY_START_DATE,WARRANTY_END_DATE) values (554,null,181,182,null,8,null,'1',182,0,0,null,'PCI (1 port)',null,null,null);
Insert into ITSTOCK.ITEMS (ID,LABEL,LOCATION_ID,BRAND_ID,SERIAL_NUMBER,CONDITION_ID,NOTES,AVAILABILITY,TYPE_ID,DELETED,CURRENT_LOCATION_ID,MODEL,KEYWORD,IMAGE,WARRANTY_START_DATE,WARRANTY_END_DATE) values (561,null,181,181,null,1,null,'1',181,0,0,'OP-620D 2X Click',null,'a4tech-v-track-op-620d-2x-click-optical-wired-mouse-infineo-1610-20-Infineo@10.jpg',null,null);
Insert into ITSTOCK.ITEMS (ID,LABEL,LOCATION_ID,BRAND_ID,SERIAL_NUMBER,CONDITION_ID,NOTES,AVAILABILITY,TYPE_ID,DELETED,CURRENT_LOCATION_ID,MODEL,KEYWORD,IMAGE,WARRANTY_START_DATE,WARRANTY_END_DATE) values (562,null,181,181,null,1,null,'1',181,0,0,null,null,'a4tech-v-track-op-620d-2x-click-optical-wired-mouse-infineo-1610-20-Infineo@10.jpg',null,null);
Insert into ITSTOCK.ITEMS (ID,LABEL,LOCATION_ID,BRAND_ID,SERIAL_NUMBER,CONDITION_ID,NOTES,AVAILABILITY,TYPE_ID,DELETED,CURRENT_LOCATION_ID,MODEL,KEYWORD,IMAGE,WARRANTY_START_DATE,WARRANTY_END_DATE) values (566,null,142,181,null,1,null,'0',188,0,1,'HS-30',null,null,null,null);
Insert into ITSTOCK.ITEMS (ID,LABEL,LOCATION_ID,BRAND_ID,SERIAL_NUMBER,CONDITION_ID,NOTES,AVAILABILITY,TYPE_ID,DELETED,CURRENT_LOCATION_ID,MODEL,KEYWORD,IMAGE,WARRANTY_START_DATE,WARRANTY_END_DATE) values (538,null,185,184,null,1,null,'1',195,0,0,null,'BNC/RCA & Svideo to VGA ','download.jpg',null,null);
Insert into ITSTOCK.ITEMS (ID,LABEL,LOCATION_ID,BRAND_ID,SERIAL_NUMBER,CONDITION_ID,NOTES,AVAILABILITY,TYPE_ID,DELETED,CURRENT_LOCATION_ID,MODEL,KEYWORD,IMAGE,WARRANTY_START_DATE,WARRANTY_END_DATE) values (541,null,187,184,null,1,null,'1',207,0,0,null,'Power Supply Accessories',null,null,null);
Insert into ITSTOCK.ITEMS (ID,LABEL,LOCATION_ID,BRAND_ID,SERIAL_NUMBER,CONDITION_ID,NOTES,AVAILABILITY,TYPE_ID,DELETED,CURRENT_LOCATION_ID,MODEL,KEYWORD,IMAGE,WARRANTY_START_DATE,WARRANTY_END_DATE) values (23,'!$#!$#23',181,182,'!$#!$#23',1,'1','1',182,1,0,null,null,null,null,null);
Insert into ITSTOCK.ITEMS (ID,LABEL,LOCATION_ID,BRAND_ID,SERIAL_NUMBER,CONDITION_ID,NOTES,AVAILABILITY,TYPE_ID,DELETED,CURRENT_LOCATION_ID,MODEL,KEYWORD,IMAGE,WARRANTY_START_DATE,WARRANTY_END_DATE) values (26,null,143,184,null,1,'1','1',184,0,0,null,null,null,null,null);
Insert into ITSTOCK.ITEMS (ID,LABEL,LOCATION_ID,BRAND_ID,SERIAL_NUMBER,CONDITION_ID,NOTES,AVAILABILITY,TYPE_ID,DELETED,CURRENT_LOCATION_ID,MODEL,KEYWORD,IMAGE,WARRANTY_START_DATE,WARRANTY_END_DATE) values (25,'null',183,183,'null',8,'1','1',183,0,0,'Intuos Pro',null,null,null,null);
Insert into ITSTOCK.ITEMS (ID,LABEL,LOCATION_ID,BRAND_ID,SERIAL_NUMBER,CONDITION_ID,NOTES,AVAILABILITY,TYPE_ID,DELETED,CURRENT_LOCATION_ID,MODEL,KEYWORD,IMAGE,WARRANTY_START_DATE,WARRANTY_END_DATE) values (36,null,222,187,null,8,null,'1',185,0,0,null,'250 GB (3.5 Inch)',null,null,null);
Insert into ITSTOCK.ITEMS (ID,LABEL,LOCATION_ID,BRAND_ID,SERIAL_NUMBER,CONDITION_ID,NOTES,AVAILABILITY,TYPE_ID,DELETED,CURRENT_LOCATION_ID,MODEL,KEYWORD,IMAGE,WARRANTY_START_DATE,WARRANTY_END_DATE) values (37,null,181,184,null,1,'Only for XP OS','1',187,0,0,null,'PCI (for XP OS)',null,null,null);
Insert into ITSTOCK.ITEMS (ID,LABEL,LOCATION_ID,BRAND_ID,SERIAL_NUMBER,CONDITION_ID,NOTES,AVAILABILITY,TYPE_ID,DELETED,CURRENT_LOCATION_ID,MODEL,KEYWORD,IMAGE,WARRANTY_START_DATE,WARRANTY_END_DATE) values (38,'!$#!$#38',181,188,'!$#!$#38',8,null,'1',185,1,0,null,null,null,null,null);
Insert into ITSTOCK.ITEMS (ID,LABEL,LOCATION_ID,BRAND_ID,SERIAL_NUMBER,CONDITION_ID,NOTES,AVAILABILITY,TYPE_ID,DELETED,CURRENT_LOCATION_ID,MODEL,KEYWORD,IMAGE,WARRANTY_START_DATE,WARRANTY_END_DATE) values (43,null,222,167,null,8,null,'1',185,0,0,null,'1 TB (3.5 Inch)',null,null,null);
Insert into ITSTOCK.ITEMS (ID,LABEL,LOCATION_ID,BRAND_ID,SERIAL_NUMBER,CONDITION_ID,NOTES,AVAILABILITY,TYPE_ID,DELETED,CURRENT_LOCATION_ID,MODEL,KEYWORD,IMAGE,WARRANTY_START_DATE,WARRANTY_END_DATE) values (50,'!$#!$#50',142,181,'!$#!$#50',1,null,'1',188,1,0,null,null,null,null,null);
Insert into ITSTOCK.ITEMS (ID,LABEL,LOCATION_ID,BRAND_ID,SERIAL_NUMBER,CONDITION_ID,NOTES,AVAILABILITY,TYPE_ID,DELETED,CURRENT_LOCATION_ID,MODEL,KEYWORD,IMAGE,WARRANTY_START_DATE,WARRANTY_END_DATE) values (55,null,181,184,null,1,'All IN 1','1',191,0,0,null,null,null,null,null);
Insert into ITSTOCK.ITEMS (ID,LABEL,LOCATION_ID,BRAND_ID,SERIAL_NUMBER,CONDITION_ID,NOTES,AVAILABILITY,TYPE_ID,DELETED,CURRENT_LOCATION_ID,MODEL,KEYWORD,IMAGE,WARRANTY_START_DATE,WARRANTY_END_DATE) values (59,null,184,192,null,4,null,'1',193,0,0,null,null,null,null,null);
Insert into ITSTOCK.ITEMS (ID,LABEL,LOCATION_ID,BRAND_ID,SERIAL_NUMBER,CONDITION_ID,NOTES,AVAILABILITY,TYPE_ID,DELETED,CURRENT_LOCATION_ID,MODEL,KEYWORD,IMAGE,WARRANTY_START_DATE,WARRANTY_END_DATE) values (61,null,184,199,null,8,'Serial VSN Shuttle Board','1',194,0,0,null,'VSN Shuttle Board',null,null,null);
Insert into ITSTOCK.ITEMS (ID,LABEL,LOCATION_ID,BRAND_ID,SERIAL_NUMBER,CONDITION_ID,NOTES,AVAILABILITY,TYPE_ID,DELETED,CURRENT_LOCATION_ID,MODEL,KEYWORD,IMAGE,WARRANTY_START_DATE,WARRANTY_END_DATE) values (79,null,185,196,'K0194967',2,null,'1',200,0,0,null,null,null,null,null);
Insert into ITSTOCK.ITEMS (ID,LABEL,LOCATION_ID,BRAND_ID,SERIAL_NUMBER,CONDITION_ID,NOTES,AVAILABILITY,TYPE_ID,DELETED,CURRENT_LOCATION_ID,MODEL,KEYWORD,IMAGE,WARRANTY_START_DATE,WARRANTY_END_DATE) values (82,null,185,184,null,8,null,'1',195,0,0,null,'SDI to HDMI','download.jpg',null,null);
Insert into ITSTOCK.ITEMS (ID,LABEL,LOCATION_ID,BRAND_ID,SERIAL_NUMBER,CONDITION_ID,NOTES,AVAILABILITY,TYPE_ID,DELETED,CURRENT_LOCATION_ID,MODEL,KEYWORD,IMAGE,WARRANTY_START_DATE,WARRANTY_END_DATE) values (83,null,185,196,'N99528',3,'4K/UltraHD 422 and 444 (4 x BNC) can be used as Input AND/OR Output ','1',202,0,0,'KDNA-3G-R0',null,null,null,null);
Insert into ITSTOCK.ITEMS (ID,LABEL,LOCATION_ID,BRAND_ID,SERIAL_NUMBER,CONDITION_ID,NOTES,AVAILABILITY,TYPE_ID,DELETED,CURRENT_LOCATION_ID,MODEL,KEYWORD,IMAGE,WARRANTY_START_DATE,WARRANTY_END_DATE) values (89,null,184,203,null,1,'Used for AutoCue','1',193,0,0,'Pro v2 Computer Controller',null,null,null,null);
Insert into ITSTOCK.ITEMS (ID,LABEL,LOCATION_ID,BRAND_ID,SERIAL_NUMBER,CONDITION_ID,NOTES,AVAILABILITY,TYPE_ID,DELETED,CURRENT_LOCATION_ID,MODEL,KEYWORD,IMAGE,WARRANTY_START_DATE,WARRANTY_END_DATE) values (96,null,183,206,null,8,'2x Mini display 
1x DVI 
','1',209,0,0,'ATI Radeon HD 5770',null,null,null,null);
Insert into ITSTOCK.ITEMS (ID,LABEL,LOCATION_ID,BRAND_ID,SERIAL_NUMBER,CONDITION_ID,NOTES,AVAILABILITY,TYPE_ID,DELETED,CURRENT_LOCATION_ID,MODEL,KEYWORD,IMAGE,WARRANTY_START_DATE,WARRANTY_END_DATE) values (98,null,183,207,null,8,'2x DVI
1x HDMI
1x Display 
','1',209,0,0,'GTX 970 Strix Twin cooling',null,null,null,null);
Insert into ITSTOCK.ITEMS (ID,LABEL,LOCATION_ID,BRAND_ID,SERIAL_NUMBER,CONDITION_ID,NOTES,AVAILABILITY,TYPE_ID,DELETED,CURRENT_LOCATION_ID,MODEL,KEYWORD,IMAGE,WARRANTY_START_DATE,WARRANTY_END_DATE) values (101,'!$#!$#101',142,209,'!$#!$#101',1,null,'1',211,1,0,'DVD-R',null,null,null,null);
Insert into ITSTOCK.ITEMS (ID,LABEL,LOCATION_ID,BRAND_ID,SERIAL_NUMBER,CONDITION_ID,NOTES,AVAILABILITY,TYPE_ID,DELETED,CURRENT_LOCATION_ID,MODEL,KEYWORD,IMAGE,WARRANTY_START_DATE,WARRANTY_END_DATE) values (102,null,142,163,null,1,null,'1',212,0,0,'LTO Ultrium-5 C7975A',null,null,null,null);
Insert into ITSTOCK.ITEMS (ID,LABEL,LOCATION_ID,BRAND_ID,SERIAL_NUMBER,CONDITION_ID,NOTES,AVAILABILITY,TYPE_ID,DELETED,CURRENT_LOCATION_ID,MODEL,KEYWORD,IMAGE,WARRANTY_START_DATE,WARRANTY_END_DATE) values (109,null,142,185,null,1,null,'1',213,0,0,null,'English(PS2)',null,null,null);
Insert into ITSTOCK.ITEMS (ID,LABEL,LOCATION_ID,BRAND_ID,SERIAL_NUMBER,CONDITION_ID,NOTES,AVAILABILITY,TYPE_ID,DELETED,CURRENT_LOCATION_ID,MODEL,KEYWORD,IMAGE,WARRANTY_START_DATE,WARRANTY_END_DATE) values (118,null,183,212,null,8,'2x Display
1 DVI','1',209,0,0,'Nvidia Quadro 5000',null,null,null,null);
Insert into ITSTOCK.ITEMS (ID,LABEL,LOCATION_ID,BRAND_ID,SERIAL_NUMBER,CONDITION_ID,NOTES,AVAILABILITY,TYPE_ID,DELETED,CURRENT_LOCATION_ID,MODEL,KEYWORD,IMAGE,WARRANTY_START_DATE,WARRANTY_END_DATE) values (120,null,183,212,null,8,'2x Display
1 DVI','1',209,0,0,'Nvidia Quadro 4000',null,null,null,null);
Insert into ITSTOCK.ITEMS (ID,LABEL,LOCATION_ID,BRAND_ID,SERIAL_NUMBER,CONDITION_ID,NOTES,AVAILABILITY,TYPE_ID,DELETED,CURRENT_LOCATION_ID,MODEL,KEYWORD,IMAGE,WARRANTY_START_DATE,WARRANTY_END_DATE) values (122,null,183,214,null,1,'2x BNC IN
2x BNC OUT','1',202,0,0,null,null,null,null,null);
Insert into ITSTOCK.ITEMS (ID,LABEL,LOCATION_ID,BRAND_ID,SERIAL_NUMBER,CONDITION_ID,NOTES,AVAILABILITY,TYPE_ID,DELETED,CURRENT_LOCATION_ID,MODEL,KEYWORD,IMAGE,WARRANTY_START_DATE,WARRANTY_END_DATE) values (127,null,142,218,'A1B85194BBM0144',2,'Client','1',214,0,0,null,null,null,null,null);
Insert into ITSTOCK.ITEMS (ID,LABEL,LOCATION_ID,BRAND_ID,SERIAL_NUMBER,CONDITION_ID,NOTES,AVAILABILITY,TYPE_ID,DELETED,CURRENT_LOCATION_ID,MODEL,KEYWORD,IMAGE,WARRANTY_START_DATE,WARRANTY_END_DATE) values (132,null,142,181,null,1,'    -Mouse Cable can be Well Fixed on the Hub.
    -Easily suck to the desk.
    -AC Adapter Plug.
    -USB: 2.0.
    -Ports: 4.
','1',215,0,0,'HUB-66(USB ext)',null,null,null,null);
Insert into ITSTOCK.ITEMS (ID,LABEL,LOCATION_ID,BRAND_ID,SERIAL_NUMBER,CONDITION_ID,NOTES,AVAILABILITY,TYPE_ID,DELETED,CURRENT_LOCATION_ID,MODEL,KEYWORD,IMAGE,WARRANTY_START_DATE,WARRANTY_END_DATE) values (138,'IT-Support-13',187,162,'PF0CM7BV',4,null,'1',162,0,0,'80E5',null,null,null,null);
Insert into ITSTOCK.ITEMS (ID,LABEL,LOCATION_ID,BRAND_ID,SERIAL_NUMBER,CONDITION_ID,NOTES,AVAILABILITY,TYPE_ID,DELETED,CURRENT_LOCATION_ID,MODEL,KEYWORD,IMAGE,WARRANTY_START_DATE,WARRANTY_END_DATE) values (145,null,187,184,null,1,null,'1',207,0,0,null,'Screen Arm',null,null,null);
Insert into ITSTOCK.ITEMS (ID,LABEL,LOCATION_ID,BRAND_ID,SERIAL_NUMBER,CONDITION_ID,NOTES,AVAILABILITY,TYPE_ID,DELETED,CURRENT_LOCATION_ID,MODEL,KEYWORD,IMAGE,WARRANTY_START_DATE,WARRANTY_END_DATE) values (160,'!$#!$#160',188,206,'!$#!$#160',8,null,'1',209,1,0,'Splitter',null,null,null,null);
Insert into ITSTOCK.ITEMS (ID,LABEL,LOCATION_ID,BRAND_ID,SERIAL_NUMBER,CONDITION_ID,NOTES,AVAILABILITY,TYPE_ID,DELETED,CURRENT_LOCATION_ID,MODEL,KEYWORD,IMAGE,WARRANTY_START_DATE,WARRANTY_END_DATE) values (162,'!$#!$#162',188,212,'!$#!$#162',1,'Used for VSN airnews 
 -See more at: http://www.nvidia.com/object/product_quadro_nvs_295_us.html#sthash.dIRRXCOi.dpuf','1',202,1,0,'Quadro NVS 295',null,null,null,null);
Insert into ITSTOCK.ITEMS (ID,LABEL,LOCATION_ID,BRAND_ID,SERIAL_NUMBER,CONDITION_ID,NOTES,AVAILABILITY,TYPE_ID,DELETED,CURRENT_LOCATION_ID,MODEL,KEYWORD,IMAGE,WARRANTY_START_DATE,WARRANTY_END_DATE) values (168,'Nas3',188,163,'YVHANHXK',1,'Used for Nas3','1',185,0,0,'MB3000FBUCN','3 TB (3.5 Inch)',null,null,null);
Insert into ITSTOCK.ITEMS (ID,LABEL,LOCATION_ID,BRAND_ID,SERIAL_NUMBER,CONDITION_ID,NOTES,AVAILABILITY,TYPE_ID,DELETED,CURRENT_LOCATION_ID,MODEL,KEYWORD,IMAGE,WARRANTY_START_DATE,WARRANTY_END_DATE) values (177,'IT-HDD39',181,227,'C98544 0974',3,null,'1',221,0,0,'StoreJet ','1TB',null,null,null);
Insert into ITSTOCK.ITEMS (ID,LABEL,LOCATION_ID,BRAND_ID,SERIAL_NUMBER,CONDITION_ID,NOTES,AVAILABILITY,TYPE_ID,DELETED,CURRENT_LOCATION_ID,MODEL,KEYWORD,IMAGE,WARRANTY_START_DATE,WARRANTY_END_DATE) values (179,null,189,229,'23180024300645',2,null,'1',191,0,0,'iDuo Reader 3.0','USB 3.0 Media card reader',null,null,null);
Insert into ITSTOCK.ITEMS (ID,LABEL,LOCATION_ID,BRAND_ID,SERIAL_NUMBER,CONDITION_ID,NOTES,AVAILABILITY,TYPE_ID,DELETED,CURRENT_LOCATION_ID,MODEL,KEYWORD,IMAGE,WARRANTY_START_DATE,WARRANTY_END_DATE) values (182,'IT-USB01',189,231,null,1,null,'1',223,0,0,'Cruzer Blade ','16 GB','Sandisk 16GB.jpg',null,null);
Insert into ITSTOCK.ITEMS (ID,LABEL,LOCATION_ID,BRAND_ID,SERIAL_NUMBER,CONDITION_ID,NOTES,AVAILABILITY,TYPE_ID,DELETED,CURRENT_LOCATION_ID,MODEL,KEYWORD,IMAGE,WARRANTY_START_DATE,WARRANTY_END_DATE) values (307,null,202,241,null,8,null,'1',242,0,0,'IEEE 1394','PCI',null,null,null);
Insert into ITSTOCK.ITEMS (ID,LABEL,LOCATION_ID,BRAND_ID,SERIAL_NUMBER,CONDITION_ID,NOTES,AVAILABILITY,TYPE_ID,DELETED,CURRENT_LOCATION_ID,MODEL,KEYWORD,IMAGE,WARRANTY_START_DATE,WARRANTY_END_DATE) values (433,null,201,184,null,1,null,'0',195,0,1,null,'Display to VGA','download.jpg',null,null);
Insert into ITSTOCK.ITEMS (ID,LABEL,LOCATION_ID,BRAND_ID,SERIAL_NUMBER,CONDITION_ID,NOTES,AVAILABILITY,TYPE_ID,DELETED,CURRENT_LOCATION_ID,MODEL,KEYWORD,IMAGE,WARRANTY_START_DATE,WARRANTY_END_DATE) values (434,null,201,184,null,1,null,'1',195,0,0,null,'Display to VGA','download.jpg',null,null);
Insert into ITSTOCK.ITEMS (ID,LABEL,LOCATION_ID,BRAND_ID,SERIAL_NUMBER,CONDITION_ID,NOTES,AVAILABILITY,TYPE_ID,DELETED,CURRENT_LOCATION_ID,MODEL,KEYWORD,IMAGE,WARRANTY_START_DATE,WARRANTY_END_DATE) values (435,null,201,184,null,1,null,'1',195,0,0,null,'Display to VGA','download.jpg',null,null);
Insert into ITSTOCK.ITEMS (ID,LABEL,LOCATION_ID,BRAND_ID,SERIAL_NUMBER,CONDITION_ID,NOTES,AVAILABILITY,TYPE_ID,DELETED,CURRENT_LOCATION_ID,MODEL,KEYWORD,IMAGE,WARRANTY_START_DATE,WARRANTY_END_DATE) values (340,null,202,211,null,8,'Apple Airport Extreme Bcm94322 Mc Wireless Wifi Card For All Mac Pro Mb988 Z/A','1',243,0,0,'MB988Z/A, BCM94322MC','Wireless Wifi Card For Mac',null,null,null);
Insert into ITSTOCK.ITEMS (ID,LABEL,LOCATION_ID,BRAND_ID,SERIAL_NUMBER,CONDITION_ID,NOTES,AVAILABILITY,TYPE_ID,DELETED,CURRENT_LOCATION_ID,MODEL,KEYWORD,IMAGE,WARRANTY_START_DATE,WARRANTY_END_DATE) values (443,null,201,184,null,1,'Male HDMI to Male DVI','1',195,0,0,null,'HDMI to DVI','download.jpg',null,null);
Insert into ITSTOCK.ITEMS (ID,LABEL,LOCATION_ID,BRAND_ID,SERIAL_NUMBER,CONDITION_ID,NOTES,AVAILABILITY,TYPE_ID,DELETED,CURRENT_LOCATION_ID,MODEL,KEYWORD,IMAGE,WARRANTY_START_DATE,WARRANTY_END_DATE) values (445,null,201,195,null,1,null,'1',195,0,0,'VH-ADP','USB to HDMI',null,null,null);
Insert into ITSTOCK.ITEMS (ID,LABEL,LOCATION_ID,BRAND_ID,SERIAL_NUMBER,CONDITION_ID,NOTES,AVAILABILITY,TYPE_ID,DELETED,CURRENT_LOCATION_ID,MODEL,KEYWORD,IMAGE,WARRANTY_START_DATE,WARRANTY_END_DATE) values (448,null,201,184,null,1,null,'1',195,0,0,null,'VGA to DVI Adapter','download.jpg',null,null);
Insert into ITSTOCK.ITEMS (ID,LABEL,LOCATION_ID,BRAND_ID,SERIAL_NUMBER,CONDITION_ID,NOTES,AVAILABILITY,TYPE_ID,DELETED,CURRENT_LOCATION_ID,MODEL,KEYWORD,IMAGE,WARRANTY_START_DATE,WARRANTY_END_DATE) values (453,null,187,184,null,1,null,'1',207,0,0,null,'Power Electrical Plug Socket',null,null,null);
Insert into ITSTOCK.ITEMS (ID,LABEL,LOCATION_ID,BRAND_ID,SERIAL_NUMBER,CONDITION_ID,NOTES,AVAILABILITY,TYPE_ID,DELETED,CURRENT_LOCATION_ID,MODEL,KEYWORD,IMAGE,WARRANTY_START_DATE,WARRANTY_END_DATE) values (462,null,189,186,null,8,'Wireless Speed:802.11g: Up to 54Mbps (Dynamic) 802.11b: Up to 11Mbps (Dynamic)

Frequency Range: 2.4~2.4835GHz Wireless Transmit Power: 19dBm(MAX EIRP)

Support OS: Windows 7(32/64bits), Windows Vista(32/64bits),Windows XP(32/64bits), Windows 2000','1',261,0,0,'Tl-WN321G','Wireless USB Adapter',null,null,null);
Insert into ITSTOCK.ITEMS (ID,LABEL,LOCATION_ID,BRAND_ID,SERIAL_NUMBER,CONDITION_ID,NOTES,AVAILABILITY,TYPE_ID,DELETED,CURRENT_LOCATION_ID,MODEL,KEYWORD,IMAGE,WARRANTY_START_DATE,WARRANTY_END_DATE) values (469,'9',189,184,null,8,'Supported card types:
- Memory Stick Pro Duo,
- Memory Stick Pro,
- SMC Card,
- Secure Digital,
- Multimedia Card,
- Compact Flash,
- CF Card ','1',191,0,0,null,'All-In-One Mini Card Reader',null,null,null);
Insert into ITSTOCK.ITEMS (ID,LABEL,LOCATION_ID,BRAND_ID,SERIAL_NUMBER,CONDITION_ID,NOTES,AVAILABILITY,TYPE_ID,DELETED,CURRENT_LOCATION_ID,MODEL,KEYWORD,IMAGE,WARRANTY_START_DATE,WARRANTY_END_DATE) values (475,null,189,163,null,1,null,'1',212,0,0,'LTO Ultrium C7978A','Universal  cleaning Cartridge',null,null,null);
Insert into ITSTOCK.ITEMS (ID,LABEL,LOCATION_ID,BRAND_ID,SERIAL_NUMBER,CONDITION_ID,NOTES,AVAILABILITY,TYPE_ID,DELETED,CURRENT_LOCATION_ID,MODEL,KEYWORD,IMAGE,WARRANTY_START_DATE,WARRANTY_END_DATE) values (480,null,221,213,null,8,null,'1',209,0,0,'GeForce GTS 450','PCI Express(1GB)',null,null,null);
Insert into ITSTOCK.ITEMS (ID,LABEL,LOCATION_ID,BRAND_ID,SERIAL_NUMBER,CONDITION_ID,NOTES,AVAILABILITY,TYPE_ID,DELETED,CURRENT_LOCATION_ID,MODEL,KEYWORD,IMAGE,WARRANTY_START_DATE,WARRANTY_END_DATE) values (487,null,188,206,null,8,'AMD ATI Radeon HD6350 PCI-Express Video Card. The AMD Radeon graphic card delivers world-class HD graphics performance plus GPU-accelerated gaming effects, lightning fast video and image processing, and full 3D Vision support allowing you to game in ','1',209,0,0,'Radeon HD 6350','Need Dual DVI Splitter Cable',null,null,null);
Insert into ITSTOCK.ITEMS (ID,LABEL,LOCATION_ID,BRAND_ID,SERIAL_NUMBER,CONDITION_ID,NOTES,AVAILABILITY,TYPE_ID,DELETED,CURRENT_LOCATION_ID,MODEL,KEYWORD,IMAGE,WARRANTY_START_DATE,WARRANTY_END_DATE) values (490,null,188,206,null,8,'AMD ATI Radeon HD6350 PCI-Express Video Card. The AMD Radeon graphic card delivers world-class HD graphics performance plus GPU-accelerated gaming effects, lightning fast video and image processing, and full 3D Vision support allowing you to game in ','1',209,0,0,'Radeon HD 6350','Need Dual DVI Splitter Cable',null,null,null);
Insert into ITSTOCK.ITEMS (ID,LABEL,LOCATION_ID,BRAND_ID,SERIAL_NUMBER,CONDITION_ID,NOTES,AVAILABILITY,TYPE_ID,DELETED,CURRENT_LOCATION_ID,MODEL,KEYWORD,IMAGE,WARRANTY_START_DATE,WARRANTY_END_DATE) values (493,'IT-HDD43',222,187,'2GHNAXWD',3,null,'1',221,0,0,'Expansion','2 TB (Need Power)',null,null,null);
Insert into ITSTOCK.ITEMS (ID,LABEL,LOCATION_ID,BRAND_ID,SERIAL_NUMBER,CONDITION_ID,NOTES,AVAILABILITY,TYPE_ID,DELETED,CURRENT_LOCATION_ID,MODEL,KEYWORD,IMAGE,WARRANTY_START_DATE,WARRANTY_END_DATE) values (542,null,188,269,null,1,null,'1',197,0,0,null,'4-Port Video Splitter',null,null,null);
Insert into ITSTOCK.ITEMS (ID,LABEL,LOCATION_ID,BRAND_ID,SERIAL_NUMBER,CONDITION_ID,NOTES,AVAILABILITY,TYPE_ID,DELETED,CURRENT_LOCATION_ID,MODEL,KEYWORD,IMAGE,WARRANTY_START_DATE,WARRANTY_END_DATE) values (545,null,181,184,null,8,null,'1',182,0,0,null,'PCIe x1 (1 port)',null,null,null);
Insert into ITSTOCK.ITEMS (ID,LABEL,LOCATION_ID,BRAND_ID,SERIAL_NUMBER,CONDITION_ID,NOTES,AVAILABILITY,TYPE_ID,DELETED,CURRENT_LOCATION_ID,MODEL,KEYWORD,IMAGE,WARRANTY_START_DATE,WARRANTY_END_DATE) values (551,'!$#!$#551',181,184,'!$#!$#551',8,null,'1',182,1,0,null,'PCIe x16 (1 port)',null,null,null);
Insert into ITSTOCK.ITEMS (ID,LABEL,LOCATION_ID,BRAND_ID,SERIAL_NUMBER,CONDITION_ID,NOTES,AVAILABILITY,TYPE_ID,DELETED,CURRENT_LOCATION_ID,MODEL,KEYWORD,IMAGE,WARRANTY_START_DATE,WARRANTY_END_DATE) values (559,null,142,209,null,1,null,'1',211,0,0,'DVD-R 2x-56x','4.7 GB',null,null,null);
Insert into ITSTOCK.ITEMS (ID,LABEL,LOCATION_ID,BRAND_ID,SERIAL_NUMBER,CONDITION_ID,NOTES,AVAILABILITY,TYPE_ID,DELETED,CURRENT_LOCATION_ID,MODEL,KEYWORD,IMAGE,WARRANTY_START_DATE,WARRANTY_END_DATE) values (560,null,181,181,null,1,null,'0',181,0,1,'OP-620D 2X Click',null,'a4tech-v-track-op-620d-2x-click-optical-wired-mouse-infineo-1610-20-Infineo@10.jpg',null,null);
Insert into ITSTOCK.ITEMS (ID,LABEL,LOCATION_ID,BRAND_ID,SERIAL_NUMBER,CONDITION_ID,NOTES,AVAILABILITY,TYPE_ID,DELETED,CURRENT_LOCATION_ID,MODEL,KEYWORD,IMAGE,WARRANTY_START_DATE,WARRANTY_END_DATE) values (564,null,181,181,null,1,null,'1',181,0,0,'OP-620D 2X Click','USB','a4tech-v-track-op-620d-2x-click-optical-wired-mouse-infineo-1610-20-Infineo@10.jpg',null,null);
Insert into ITSTOCK.ITEMS (ID,LABEL,LOCATION_ID,BRAND_ID,SERIAL_NUMBER,CONDITION_ID,NOTES,AVAILABILITY,TYPE_ID,DELETED,CURRENT_LOCATION_ID,MODEL,KEYWORD,IMAGE,WARRANTY_START_DATE,WARRANTY_END_DATE) values (567,null,142,181,null,1,null,'0',188,0,1,'HS-30',null,null,null,null);
Insert into ITSTOCK.ITEMS (ID,LABEL,LOCATION_ID,BRAND_ID,SERIAL_NUMBER,CONDITION_ID,NOTES,AVAILABILITY,TYPE_ID,DELETED,CURRENT_LOCATION_ID,MODEL,KEYWORD,IMAGE,WARRANTY_START_DATE,WARRANTY_END_DATE) values (539,null,185,200,null,1,'Adds up to three monitors to your notebook or desktop computer 
Connects to the DVI-DL or VGA video output of your system
Support for 3x DVI monitors, with an optional adapter for VGA monitor support
PC and Mac compatible','1',264,0,0,'TripleHead2Go Digital','Adds up three monitors to your computer',null,null,null);
Insert into ITSTOCK.ITEMS (ID,LABEL,LOCATION_ID,BRAND_ID,SERIAL_NUMBER,CONDITION_ID,NOTES,AVAILABILITY,TYPE_ID,DELETED,CURRENT_LOCATION_ID,MODEL,KEYWORD,IMAGE,WARRANTY_START_DATE,WARRANTY_END_DATE) values (24,'!$#!$#24',181,182,'!$#!$#24',1,'1','1',182,1,0,null,null,null,null,null);
Insert into ITSTOCK.ITEMS (ID,LABEL,LOCATION_ID,BRAND_ID,SERIAL_NUMBER,CONDITION_ID,NOTES,AVAILABILITY,TYPE_ID,DELETED,CURRENT_LOCATION_ID,MODEL,KEYWORD,IMAGE,WARRANTY_START_DATE,WARRANTY_END_DATE) values (35,null,222,187,null,8,'1','1',185,0,0,null,'1 TB (3.5 Inch)',null,null,null);
Insert into ITSTOCK.ITEMS (ID,LABEL,LOCATION_ID,BRAND_ID,SERIAL_NUMBER,CONDITION_ID,NOTES,AVAILABILITY,TYPE_ID,DELETED,CURRENT_LOCATION_ID,MODEL,KEYWORD,IMAGE,WARRANTY_START_DATE,WARRANTY_END_DATE) values (28,null,181,185,null,8,'1','1',186,0,0,null,null,null,null,null);
Insert into ITSTOCK.ITEMS (ID,LABEL,LOCATION_ID,BRAND_ID,SERIAL_NUMBER,CONDITION_ID,NOTES,AVAILABILITY,TYPE_ID,DELETED,CURRENT_LOCATION_ID,MODEL,KEYWORD,IMAGE,WARRANTY_START_DATE,WARRANTY_END_DATE) values (41,'!$#!$#41',181,163,'!$#!$#41',3,null,'1',181,1,0,null,null,'no_image.jpg',null,null);
Insert into ITSTOCK.ITEMS (ID,LABEL,LOCATION_ID,BRAND_ID,SERIAL_NUMBER,CONDITION_ID,NOTES,AVAILABILITY,TYPE_ID,DELETED,CURRENT_LOCATION_ID,MODEL,KEYWORD,IMAGE,WARRANTY_START_DATE,WARRANTY_END_DATE) values (46,null,222,167,null,1,null,'1',185,0,0,null,'1 TB (2.5 Inch)',null,null,null);
Insert into ITSTOCK.ITEMS (ID,LABEL,LOCATION_ID,BRAND_ID,SERIAL_NUMBER,CONDITION_ID,NOTES,AVAILABILITY,TYPE_ID,DELETED,CURRENT_LOCATION_ID,MODEL,KEYWORD,IMAGE,WARRANTY_START_DATE,WARRANTY_END_DATE) values (53,null,181,184,null,8,null,'1',190,0,0,null,null,'scan0010.jpg',null,null);
Insert into ITSTOCK.ITEMS (ID,LABEL,LOCATION_ID,BRAND_ID,SERIAL_NUMBER,CONDITION_ID,NOTES,AVAILABILITY,TYPE_ID,DELETED,CURRENT_LOCATION_ID,MODEL,KEYWORD,IMAGE,WARRANTY_START_DATE,WARRANTY_END_DATE) values (54,null,181,189,null,4,null,'1',187,0,0,null,'PCI ',null,null,null);
Insert into ITSTOCK.ITEMS (ID,LABEL,LOCATION_ID,BRAND_ID,SERIAL_NUMBER,CONDITION_ID,NOTES,AVAILABILITY,TYPE_ID,DELETED,CURRENT_LOCATION_ID,MODEL,KEYWORD,IMAGE,WARRANTY_START_DATE,WARRANTY_END_DATE) values (56,null,181,190,null,8,null,'0',187,0,1,null,'PCI ',null,null,null);
Insert into ITSTOCK.ITEMS (ID,LABEL,LOCATION_ID,BRAND_ID,SERIAL_NUMBER,CONDITION_ID,NOTES,AVAILABILITY,TYPE_ID,DELETED,CURRENT_LOCATION_ID,MODEL,KEYWORD,IMAGE,WARRANTY_START_DATE,WARRANTY_END_DATE) values (60,null,184,192,null,1,null,'1',193,0,0,null,null,null,null,null);
Insert into ITSTOCK.ITEMS (ID,LABEL,LOCATION_ID,BRAND_ID,SERIAL_NUMBER,CONDITION_ID,NOTES,AVAILABILITY,TYPE_ID,DELETED,CURRENT_LOCATION_ID,MODEL,KEYWORD,IMAGE,WARRANTY_START_DATE,WARRANTY_END_DATE) values (64,null,184,194,'0050986',1,null,'1',196,0,0,'US-2x2',null,null,null,null);
Insert into ITSTOCK.ITEMS (ID,LABEL,LOCATION_ID,BRAND_ID,SERIAL_NUMBER,CONDITION_ID,NOTES,AVAILABILITY,TYPE_ID,DELETED,CURRENT_LOCATION_ID,MODEL,KEYWORD,IMAGE,WARRANTY_START_DATE,WARRANTY_END_DATE) values (85,'Ultrastudio1',185,201,'1814416',1,'
   - HD/SD-SDI Input & Output
   - USB 3.0 Connection to PC
   - Uncompressed Video at 10-Bit 4:2:2 YUV
   - HDMI 1.4 Monitoring Output
   - Genlock Input
   - RS-422 Deck Control
   - Machined Aluminum with Compact Design
','0',203,0,41,'UltraStudio SDI',null,null,null,null);
Insert into ITSTOCK.ITEMS (ID,LABEL,LOCATION_ID,BRAND_ID,SERIAL_NUMBER,CONDITION_ID,NOTES,AVAILABILITY,TYPE_ID,DELETED,CURRENT_LOCATION_ID,MODEL,KEYWORD,IMAGE,WARRANTY_START_DATE,WARRANTY_END_DATE) values (86,null,185,202,'3C18101V93T5',1,null,'1',204,0,0,'Chromecast',null,null,null,null);
Insert into ITSTOCK.ITEMS (ID,LABEL,LOCATION_ID,BRAND_ID,SERIAL_NUMBER,CONDITION_ID,NOTES,AVAILABILITY,TYPE_ID,DELETED,CURRENT_LOCATION_ID,MODEL,KEYWORD,IMAGE,WARRANTY_START_DATE,WARRANTY_END_DATE) values (90,null,184,203,null,4,'Used for AutoCue','1',193,0,0,'Pro v2 Computer Controller',null,null,null,null);
Insert into ITSTOCK.ITEMS (ID,LABEL,LOCATION_ID,BRAND_ID,SERIAL_NUMBER,CONDITION_ID,NOTES,AVAILABILITY,TYPE_ID,DELETED,CURRENT_LOCATION_ID,MODEL,KEYWORD,IMAGE,WARRANTY_START_DATE,WARRANTY_END_DATE) values (95,null,184,205,'13H1060A329070',2,null,'1',208,0,0,'WIFI Router AC 1900',null,null,null,null);
Insert into ITSTOCK.ITEMS (ID,LABEL,LOCATION_ID,BRAND_ID,SERIAL_NUMBER,CONDITION_ID,NOTES,AVAILABILITY,TYPE_ID,DELETED,CURRENT_LOCATION_ID,MODEL,KEYWORD,IMAGE,WARRANTY_START_DATE,WARRANTY_END_DATE) values (100,'Shogun2',146,208,'K2A945HG50U48',2,'REC
PLAY
MON
EDIT','1',210,0,0,'Shogun',null,null,null,null);
Insert into ITSTOCK.ITEMS (ID,LABEL,LOCATION_ID,BRAND_ID,SERIAL_NUMBER,CONDITION_ID,NOTES,AVAILABILITY,TYPE_ID,DELETED,CURRENT_LOCATION_ID,MODEL,KEYWORD,IMAGE,WARRANTY_START_DATE,WARRANTY_END_DATE) values (107,null,142,163,null,1,'Stickers Arabic characters ','1',213,0,0,null,'English-Arabic(USB)',null,null,null);
Insert into ITSTOCK.ITEMS (ID,LABEL,LOCATION_ID,BRAND_ID,SERIAL_NUMBER,CONDITION_ID,NOTES,AVAILABILITY,TYPE_ID,DELETED,CURRENT_LOCATION_ID,MODEL,KEYWORD,IMAGE,WARRANTY_START_DATE,WARRANTY_END_DATE) values (108,null,142,185,null,1,'Arabic stickers ','1',213,0,0,null,'English-Arabic(USB)',null,null,null);
Insert into ITSTOCK.ITEMS (ID,LABEL,LOCATION_ID,BRAND_ID,SERIAL_NUMBER,CONDITION_ID,NOTES,AVAILABILITY,TYPE_ID,DELETED,CURRENT_LOCATION_ID,MODEL,KEYWORD,IMAGE,WARRANTY_START_DATE,WARRANTY_END_DATE) values (111,null,142,163,null,1,null,'1',213,0,0,null,'English(USB)',null,null,null);
Insert into ITSTOCK.ITEMS (ID,LABEL,LOCATION_ID,BRAND_ID,SERIAL_NUMBER,CONDITION_ID,NOTES,AVAILABILITY,TYPE_ID,DELETED,CURRENT_LOCATION_ID,MODEL,KEYWORD,IMAGE,WARRANTY_START_DATE,WARRANTY_END_DATE) values (117,null,183,213,null,8,null,'1',209,0,0,'GTX570',null,null,null,null);
Insert into ITSTOCK.ITEMS (ID,LABEL,LOCATION_ID,BRAND_ID,SERIAL_NUMBER,CONDITION_ID,NOTES,AVAILABILITY,TYPE_ID,DELETED,CURRENT_LOCATION_ID,MODEL,KEYWORD,IMAGE,WARRANTY_START_DATE,WARRANTY_END_DATE) values (119,null,183,212,null,8,'2x Display
1 DVI','1',209,0,0,'Nvidia Quadro 4000',null,null,null,null);
Insert into ITSTOCK.ITEMS (ID,LABEL,LOCATION_ID,BRAND_ID,SERIAL_NUMBER,CONDITION_ID,NOTES,AVAILABILITY,TYPE_ID,DELETED,CURRENT_LOCATION_ID,MODEL,KEYWORD,IMAGE,WARRANTY_START_DATE,WARRANTY_END_DATE) values (126,null,142,218,'A1B8H194BBU0024',2,'Client','1',214,0,0,null,null,null,null,null);
Insert into ITSTOCK.ITEMS (ID,LABEL,LOCATION_ID,BRAND_ID,SERIAL_NUMBER,CONDITION_ID,NOTES,AVAILABILITY,TYPE_ID,DELETED,CURRENT_LOCATION_ID,MODEL,KEYWORD,IMAGE,WARRANTY_START_DATE,WARRANTY_END_DATE) values (130,null,142,201,'1990834',1,'-1x SDI Input, 8x SDI Outputs
-3G/HD/SD-SDI Auto-Switching Input
-Re-Clocked Outputs
-Ancillary Data & Embedded Audio
-1080p & 2K Distribution
-Supports ASI Signals','1',201,0,0,null,null,null,null,null);
Insert into ITSTOCK.ITEMS (ID,LABEL,LOCATION_ID,BRAND_ID,SERIAL_NUMBER,CONDITION_ID,NOTES,AVAILABILITY,TYPE_ID,DELETED,CURRENT_LOCATION_ID,MODEL,KEYWORD,IMAGE,WARRANTY_START_DATE,WARRANTY_END_DATE) values (140,'IT-Support-11',187,167,'4C474840R',4,'-Screen replaced
-Was used by news anchor Studio A','1',162,0,0,'Satellite C850-A812',null,null,null,null);
Insert into ITSTOCK.ITEMS (ID,LABEL,LOCATION_ID,BRAND_ID,SERIAL_NUMBER,CONDITION_ID,NOTES,AVAILABILITY,TYPE_ID,DELETED,CURRENT_LOCATION_ID,MODEL,KEYWORD,IMAGE,WARRANTY_START_DATE,WARRANTY_END_DATE) values (142,null,187,184,null,1,'220V-110V AC Converter 300W','1',207,0,0,null,'AC Converter',null,null,null);
Insert into ITSTOCK.ITEMS (ID,LABEL,LOCATION_ID,BRAND_ID,SERIAL_NUMBER,CONDITION_ID,NOTES,AVAILABILITY,TYPE_ID,DELETED,CURRENT_LOCATION_ID,MODEL,KEYWORD,IMAGE,WARRANTY_START_DATE,WARRANTY_END_DATE) values (150,null,187,221,null,4,null,'1',220,0,0,'DMR-EH59','Internal',null,null,null);
Insert into ITSTOCK.ITEMS (ID,LABEL,LOCATION_ID,BRAND_ID,SERIAL_NUMBER,CONDITION_ID,NOTES,AVAILABILITY,TYPE_ID,DELETED,CURRENT_LOCATION_ID,MODEL,KEYWORD,IMAGE,WARRANTY_START_DATE,WARRANTY_END_DATE) values (152,null,187,222,null,1,'ATX-500W','1',219,0,0,null,null,null,null,null);
Insert into ITSTOCK.ITEMS (ID,LABEL,LOCATION_ID,BRAND_ID,SERIAL_NUMBER,CONDITION_ID,NOTES,AVAILABILITY,TYPE_ID,DELETED,CURRENT_LOCATION_ID,MODEL,KEYWORD,IMAGE,WARRANTY_START_DATE,WARRANTY_END_DATE) values (154,null,188,223,null,1,null,'1',197,0,0,'TK-V401S','2-Port Video Splitter',null,null,null);
Insert into ITSTOCK.ITEMS (ID,LABEL,LOCATION_ID,BRAND_ID,SERIAL_NUMBER,CONDITION_ID,NOTES,AVAILABILITY,TYPE_ID,DELETED,CURRENT_LOCATION_ID,MODEL,KEYWORD,IMAGE,WARRANTY_START_DATE,WARRANTY_END_DATE) values (156,'!$#!$#156',188,206,'!$#!$#156',8,null,'1',209,1,0,'Splitter',null,null,null,null);
Insert into ITSTOCK.ITEMS (ID,LABEL,LOCATION_ID,BRAND_ID,SERIAL_NUMBER,CONDITION_ID,NOTES,AVAILABILITY,TYPE_ID,DELETED,CURRENT_LOCATION_ID,MODEL,KEYWORD,IMAGE,WARRANTY_START_DATE,WARRANTY_END_DATE) values (158,'!$#!$#158',188,206,'!$#!$#158',8,null,'1',209,1,0,'Splitter',null,null,null,null);
Insert into ITSTOCK.ITEMS (ID,LABEL,LOCATION_ID,BRAND_ID,SERIAL_NUMBER,CONDITION_ID,NOTES,AVAILABILITY,TYPE_ID,DELETED,CURRENT_LOCATION_ID,MODEL,KEYWORD,IMAGE,WARRANTY_START_DATE,WARRANTY_END_DATE) values (163,'For ESX',188,187,'3QP2FP09',1,'Used for ESX','1',185,0,0,'ST3300656SS','300 GB (3.5 Inch)',null,null,null);
Insert into ITSTOCK.ITEMS (ID,LABEL,LOCATION_ID,BRAND_ID,SERIAL_NUMBER,CONDITION_ID,NOTES,AVAILABILITY,TYPE_ID,DELETED,CURRENT_LOCATION_ID,MODEL,KEYWORD,IMAGE,WARRANTY_START_DATE,WARRANTY_END_DATE) values (167,'For Vmax / Airnews',188,224,'P4H6Y03C',1,'Used for Vmax and Airnews','1',185,0,0,'DK7SAF400','4 TB (3.5 Inch)',null,null,null);
Insert into ITSTOCK.ITEMS (ID,LABEL,LOCATION_ID,BRAND_ID,SERIAL_NUMBER,CONDITION_ID,NOTES,AVAILABILITY,TYPE_ID,DELETED,CURRENT_LOCATION_ID,MODEL,KEYWORD,IMAGE,WARRANTY_START_DATE,WARRANTY_END_DATE) values (176,'IT-HDD17',189,227,'C97088 2528',3,null,'1',221,0,0,'StoreJet ','1 TB',null,null,null);
Insert into ITSTOCK.ITEMS (ID,LABEL,LOCATION_ID,BRAND_ID,SERIAL_NUMBER,CONDITION_ID,NOTES,AVAILABILITY,TYPE_ID,DELETED,CURRENT_LOCATION_ID,MODEL,KEYWORD,IMAGE,WARRANTY_START_DATE,WARRANTY_END_DATE) values (178,null,189,228,'60574424301772',2,'USB 3.0 To Sata External Hard Drive Docking Station For 2.5 Or 3.5In Hdd, SSD [Support Uasp And 8Tb]','1',189,0,0,'DS-UBLK','Sata Hard Drive Docking',null,null,null);
Insert into ITSTOCK.ITEMS (ID,LABEL,LOCATION_ID,BRAND_ID,SERIAL_NUMBER,CONDITION_ID,NOTES,AVAILABILITY,TYPE_ID,DELETED,CURRENT_LOCATION_ID,MODEL,KEYWORD,IMAGE,WARRANTY_START_DATE,WARRANTY_END_DATE) values (181,'For IT Only',189,187,'NA05YZAE',5,null,'1',221,0,0,'9ZF2A-500','1TB',null,null,null);
Insert into ITSTOCK.ITEMS (ID,LABEL,LOCATION_ID,BRAND_ID,SERIAL_NUMBER,CONDITION_ID,NOTES,AVAILABILITY,TYPE_ID,DELETED,CURRENT_LOCATION_ID,MODEL,KEYWORD,IMAGE,WARRANTY_START_DATE,WARRANTY_END_DATE) values (21,'IT-HDD22',189,227,'C97032 0597',2,null,'0',221,0,1,'StoreJet','2 TB',null,null,null);
Insert into ITSTOCK.ITEMS (ID,LABEL,LOCATION_ID,BRAND_ID,SERIAL_NUMBER,CONDITION_ID,NOTES,AVAILABILITY,TYPE_ID,DELETED,CURRENT_LOCATION_ID,MODEL,KEYWORD,IMAGE,WARRANTY_START_DATE,WARRANTY_END_DATE) values (572,null,189,186,'10CUA716998',8,'Wireless Speed:802.11g: Up to 54Mbps (Dynamic) 802.11b: Up to 11Mbps (Dynamic)

Frequency Range: 2.4~2.4835GHz Wireless Transmit Power: 19dBm(MAX EIRP)

Support OS: Windows 7(32/64bits), Windows Vista(32/64bits),Windows XP(32/64bits), Windows 2000','1',261,0,0,'Tl-WN321G','Wireless USB Adapter',null,null,null);
Insert into ITSTOCK.ITEMS (ID,LABEL,LOCATION_ID,BRAND_ID,SERIAL_NUMBER,CONDITION_ID,NOTES,AVAILABILITY,TYPE_ID,DELETED,CURRENT_LOCATION_ID,MODEL,KEYWORD,IMAGE,WARRANTY_START_DATE,WARRANTY_END_DATE) values (573,null,189,226,'R8X76YAF800SLL',1,'Portable DVD Writer 2.0 connector ','1',220,0,0,'SE-208','Portable',null,null,null);
Insert into ITSTOCK.ITEMS (ID,LABEL,LOCATION_ID,BRAND_ID,SERIAL_NUMBER,CONDITION_ID,NOTES,AVAILABILITY,TYPE_ID,DELETED,CURRENT_LOCATION_ID,MODEL,KEYWORD,IMAGE,WARRANTY_START_DATE,WARRANTY_END_DATE) values (574,'!$#!$#574',142,163,'!$#!$#574',2,null,'1',213,1,0,'KU-0316','English/USB',null,null,null);
Insert into ITSTOCK.ITEMS (ID,LABEL,LOCATION_ID,BRAND_ID,SERIAL_NUMBER,CONDITION_ID,NOTES,AVAILABILITY,TYPE_ID,DELETED,CURRENT_LOCATION_ID,MODEL,KEYWORD,IMAGE,WARRANTY_START_DATE,WARRANTY_END_DATE) values (778,'AJA CVRTR1',185,196,'K0094816',2,'Maher fixed its power  socket

1x DVI IN 
1x DVI OUT
1x SDI OUT
1x REF IN','0',195,0,1,'ROI-DVI','DVI/HDMI to SDI',null,null,null);
Insert into ITSTOCK.ITEMS (ID,LABEL,LOCATION_ID,BRAND_ID,SERIAL_NUMBER,CONDITION_ID,NOTES,AVAILABILITY,TYPE_ID,DELETED,CURRENT_LOCATION_ID,MODEL,KEYWORD,IMAGE,WARRANTY_START_DATE,WARRANTY_END_DATE) values (306,null,202,241,null,8,null,'1',242,0,0,'IEEE 1394','PCI',null,null,null);
Insert into ITSTOCK.ITEMS (ID,LABEL,LOCATION_ID,BRAND_ID,SERIAL_NUMBER,CONDITION_ID,NOTES,AVAILABILITY,TYPE_ID,DELETED,CURRENT_LOCATION_ID,MODEL,KEYWORD,IMAGE,WARRANTY_START_DATE,WARRANTY_END_DATE) values (404,null,202,212,null,1,'PNY NVIDIA 600-50762-0501-200 C Stereo Connector Bracket For Quadro FX 3800','1',209,0,0,'PNY NVIDIA 600-50762-0501-200 C','3 Pin Setreo Connector',null,null,null);
Insert into ITSTOCK.ITEMS (ID,LABEL,LOCATION_ID,BRAND_ID,SERIAL_NUMBER,CONDITION_ID,NOTES,AVAILABILITY,TYPE_ID,DELETED,CURRENT_LOCATION_ID,MODEL,KEYWORD,IMAGE,WARRANTY_START_DATE,WARRANTY_END_DATE) values (432,'IT-USB04',189,231,null,1,null,'1',223,0,0,'Cruzer Blade ','16GB','Sandisk 16GB.jpg',null,null);
Insert into ITSTOCK.ITEMS (ID,LABEL,LOCATION_ID,BRAND_ID,SERIAL_NUMBER,CONDITION_ID,NOTES,AVAILABILITY,TYPE_ID,DELETED,CURRENT_LOCATION_ID,MODEL,KEYWORD,IMAGE,WARRANTY_START_DATE,WARRANTY_END_DATE) values (464,null,189,263,null,8,'150M 802.11bgn Wireless N USB Adapter driver','1',261,0,0,'JW100UN','Wireless 11N USB Adapter',null,null,null);
Insert into ITSTOCK.ITEMS (ID,LABEL,LOCATION_ID,BRAND_ID,SERIAL_NUMBER,CONDITION_ID,NOTES,AVAILABILITY,TYPE_ID,DELETED,CURRENT_LOCATION_ID,MODEL,KEYWORD,IMAGE,WARRANTY_START_DATE,WARRANTY_END_DATE) values (465,null,189,186,null,1,'Sleek miniature design so small that once plugged in, can be left in a Laptop’s USB port
Speedy wireless transmission at up to 150Mbps ideal for video streaming or internet calls
Advanced Security: Supports 64/128 WEP, WPA, PA2/WPA-PSK/WPA2-PSK','1',261,0,0,'TL-WN725N','Wireless N Nano USB Adapter',null,null,null);
Insert into ITSTOCK.ITEMS (ID,LABEL,LOCATION_ID,BRAND_ID,SERIAL_NUMBER,CONDITION_ID,NOTES,AVAILABILITY,TYPE_ID,DELETED,CURRENT_LOCATION_ID,MODEL,KEYWORD,IMAGE,WARRANTY_START_DATE,WARRANTY_END_DATE) values (471,'2',189,184,null,8,'Supported card types:
- Memory Stick Pro Duo,
- Memory Stick Pro,
- SMC Card,
- Secure Digital,
- Multimedia Card,
- Compact Flash,
- CF Card ','1',191,0,0,null,'All-In-One Mini Card Reader',null,null,null);
Insert into ITSTOCK.ITEMS (ID,LABEL,LOCATION_ID,BRAND_ID,SERIAL_NUMBER,CONDITION_ID,NOTES,AVAILABILITY,TYPE_ID,DELETED,CURRENT_LOCATION_ID,MODEL,KEYWORD,IMAGE,WARRANTY_START_DATE,WARRANTY_END_DATE) values (478,null,221,264,null,8,'Point of View GeForce GT 610 graphics card - GF GT 610 - 2 GB','1',209,0,0,'GeForce GT610','PCI Express(2GB)',null,null,null);
Insert into ITSTOCK.ITEMS (ID,LABEL,LOCATION_ID,BRAND_ID,SERIAL_NUMBER,CONDITION_ID,NOTES,AVAILABILITY,TYPE_ID,DELETED,CURRENT_LOCATION_ID,MODEL,KEYWORD,IMAGE,WARRANTY_START_DATE,WARRANTY_END_DATE) values (481,null,221,184,null,8,null,'1',209,0,0,'GeForce GT 210','PCI Express(1GB)',null,null,null);
Insert into ITSTOCK.ITEMS (ID,LABEL,LOCATION_ID,BRAND_ID,SERIAL_NUMBER,CONDITION_ID,NOTES,AVAILABILITY,TYPE_ID,DELETED,CURRENT_LOCATION_ID,MODEL,KEYWORD,IMAGE,WARRANTY_START_DATE,WARRANTY_END_DATE) values (484,null,221,266,null,1,'OS Support: win XP, win Vista, win 7/8','1',209,0,0,'GEFORCE GT 630','PCI Express(2GB)',null,null,null);
Insert into ITSTOCK.ITEMS (ID,LABEL,LOCATION_ID,BRAND_ID,SERIAL_NUMBER,CONDITION_ID,NOTES,AVAILABILITY,TYPE_ID,DELETED,CURRENT_LOCATION_ID,MODEL,KEYWORD,IMAGE,WARRANTY_START_DATE,WARRANTY_END_DATE) values (488,null,188,206,null,8,'AMD ATI Radeon HD6350 PCI-Express Video Card. The AMD Radeon graphic card delivers world-class HD graphics performance plus GPU-accelerated gaming effects, lightning fast video and image processing, and full 3D Vision support allowing you to game in ','1',209,0,0,'Radeon HD 6350','Need Dual DVI Splitter Cable',null,null,null);
Insert into ITSTOCK.ITEMS (ID,LABEL,LOCATION_ID,BRAND_ID,SERIAL_NUMBER,CONDITION_ID,NOTES,AVAILABILITY,TYPE_ID,DELETED,CURRENT_LOCATION_ID,MODEL,KEYWORD,IMAGE,WARRANTY_START_DATE,WARRANTY_END_DATE) values (544,null,181,184,null,8,null,'1',182,0,0,null,'PCIe x1 (1 port)',null,null,null);
Insert into ITSTOCK.ITEMS (ID,LABEL,LOCATION_ID,BRAND_ID,SERIAL_NUMBER,CONDITION_ID,NOTES,AVAILABILITY,TYPE_ID,DELETED,CURRENT_LOCATION_ID,MODEL,KEYWORD,IMAGE,WARRANTY_START_DATE,WARRANTY_END_DATE) values (546,null,181,184,null,8,null,'1',182,0,0,null,'PCIe x1 (1 port)',null,null,null);
Insert into ITSTOCK.ITEMS (ID,LABEL,LOCATION_ID,BRAND_ID,SERIAL_NUMBER,CONDITION_ID,NOTES,AVAILABILITY,TYPE_ID,DELETED,CURRENT_LOCATION_ID,MODEL,KEYWORD,IMAGE,WARRANTY_START_DATE,WARRANTY_END_DATE) values (547,null,181,184,null,8,null,'1',182,0,0,null,'PCIe x1 (1 port)',null,null,null);
Insert into ITSTOCK.ITEMS (ID,LABEL,LOCATION_ID,BRAND_ID,SERIAL_NUMBER,CONDITION_ID,NOTES,AVAILABILITY,TYPE_ID,DELETED,CURRENT_LOCATION_ID,MODEL,KEYWORD,IMAGE,WARRANTY_START_DATE,WARRANTY_END_DATE) values (552,null,181,182,null,8,null,'1',182,0,0,null,'PCI (1 port)',null,null,null);
Insert into ITSTOCK.ITEMS (ID,LABEL,LOCATION_ID,BRAND_ID,SERIAL_NUMBER,CONDITION_ID,NOTES,AVAILABILITY,TYPE_ID,DELETED,CURRENT_LOCATION_ID,MODEL,KEYWORD,IMAGE,WARRANTY_START_DATE,WARRANTY_END_DATE) values (553,null,181,182,null,8,null,'1',182,0,0,null,'PCI (1 port)',null,null,null);
Insert into ITSTOCK.ITEMS (ID,LABEL,LOCATION_ID,BRAND_ID,SERIAL_NUMBER,CONDITION_ID,NOTES,AVAILABILITY,TYPE_ID,DELETED,CURRENT_LOCATION_ID,MODEL,KEYWORD,IMAGE,WARRANTY_START_DATE,WARRANTY_END_DATE) values (555,null,142,209,null,1,null,'1',211,0,0,'DVD-R 2x-56x','4.7 GB',null,null,null);
Insert into ITSTOCK.ITEMS (ID,LABEL,LOCATION_ID,BRAND_ID,SERIAL_NUMBER,CONDITION_ID,NOTES,AVAILABILITY,TYPE_ID,DELETED,CURRENT_LOCATION_ID,MODEL,KEYWORD,IMAGE,WARRANTY_START_DATE,WARRANTY_END_DATE) values (558,null,142,209,null,1,null,'1',211,0,0,'DVD-R 2x-56x','4.7 GB',null,null,null);
Insert into ITSTOCK.ITEMS (ID,LABEL,LOCATION_ID,BRAND_ID,SERIAL_NUMBER,CONDITION_ID,NOTES,AVAILABILITY,TYPE_ID,DELETED,CURRENT_LOCATION_ID,MODEL,KEYWORD,IMAGE,WARRANTY_START_DATE,WARRANTY_END_DATE) values (568,null,142,181,null,1,null,'0',188,0,1,'HS-30',null,null,null,null);
Insert into ITSTOCK.ITEMS (ID,LABEL,LOCATION_ID,BRAND_ID,SERIAL_NUMBER,CONDITION_ID,NOTES,AVAILABILITY,TYPE_ID,DELETED,CURRENT_LOCATION_ID,MODEL,KEYWORD,IMAGE,WARRANTY_START_DATE,WARRANTY_END_DATE) values (571,'IT-HDD30',189,227,'C38490 0767',2,null,'0',221,0,1,'StoreJet','2 TB',null,null,null);
Insert into ITSTOCK.ITEMS (ID,LABEL,LOCATION_ID,BRAND_ID,SERIAL_NUMBER,CONDITION_ID,NOTES,AVAILABILITY,TYPE_ID,DELETED,CURRENT_LOCATION_ID,MODEL,KEYWORD,IMAGE,WARRANTY_START_DATE,WARRANTY_END_DATE) values (536,null,185,201,'2997436',1,'
  4x 6G-SDI Inputs with Loop Outputs
  1x SDI & 1x HDMI MultiView Output
  Supports SD, HD, UHD 4K, DCI 4K
  Independent Inputs Allow Mixing Formats
  Standard 2x2 Configuration
  Ethernet for Remote Control
  ','1',263,0,0,'Blackmagic Design MultiView 4',null,null,null,null);
Insert into ITSTOCK.ITEMS (ID,LABEL,LOCATION_ID,BRAND_ID,SERIAL_NUMBER,CONDITION_ID,NOTES,AVAILABILITY,TYPE_ID,DELETED,CURRENT_LOCATION_ID,MODEL,KEYWORD,IMAGE,WARRANTY_START_DATE,WARRANTY_END_DATE) values (540,null,184,268,'BXDKH1430D652D',4,null,'1',196,0,0,'Fast Track C400',null,null,null,null);
Insert into ITSTOCK.ITEMS (ID,LABEL,LOCATION_ID,BRAND_ID,SERIAL_NUMBER,CONDITION_ID,NOTES,AVAILABILITY,TYPE_ID,DELETED,CURRENT_LOCATION_ID,MODEL,KEYWORD,IMAGE,WARRANTY_START_DATE,WARRANTY_END_DATE) values (30,null,181,185,null,8,'1','1',186,0,0,null,null,null,null,null);
Insert into ITSTOCK.ITEMS (ID,LABEL,LOCATION_ID,BRAND_ID,SERIAL_NUMBER,CONDITION_ID,NOTES,AVAILABILITY,TYPE_ID,DELETED,CURRENT_LOCATION_ID,MODEL,KEYWORD,IMAGE,WARRANTY_START_DATE,WARRANTY_END_DATE) values (47,null,142,181,null,4,null,'0',188,0,1,null,null,null,null,null);
Insert into ITSTOCK.ITEMS (ID,LABEL,LOCATION_ID,BRAND_ID,SERIAL_NUMBER,CONDITION_ID,NOTES,AVAILABILITY,TYPE_ID,DELETED,CURRENT_LOCATION_ID,MODEL,KEYWORD,IMAGE,WARRANTY_START_DATE,WARRANTY_END_DATE) values (52,null,181,184,null,4,'All in 1
2.5"/3.5" IDE + SATA HDD to eSATA & USB 2.0 Docking Station w/ Card Reader, Mini SD, CF
','1',189,0,0,null,'All in 1 HDD Docking',null,null,null);
Insert into ITSTOCK.ITEMS (ID,LABEL,LOCATION_ID,BRAND_ID,SERIAL_NUMBER,CONDITION_ID,NOTES,AVAILABILITY,TYPE_ID,DELETED,CURRENT_LOCATION_ID,MODEL,KEYWORD,IMAGE,WARRANTY_START_DATE,WARRANTY_END_DATE) values (65,null,184,193,null,1,null,'1',195,0,0,null,'USB to HDMI',null,null,null);
Insert into ITSTOCK.ITEMS (ID,LABEL,LOCATION_ID,BRAND_ID,SERIAL_NUMBER,CONDITION_ID,NOTES,AVAILABILITY,TYPE_ID,DELETED,CURRENT_LOCATION_ID,MODEL,KEYWORD,IMAGE,WARRANTY_START_DATE,WARRANTY_END_DATE) values (74,null,184,197,'DYDTI31200655A',3,null,'1',196,0,0,'Fast Track Duo USB 2x2',null,null,null,null);
Insert into ITSTOCK.ITEMS (ID,LABEL,LOCATION_ID,BRAND_ID,SERIAL_NUMBER,CONDITION_ID,NOTES,AVAILABILITY,TYPE_ID,DELETED,CURRENT_LOCATION_ID,MODEL,KEYWORD,IMAGE,WARRANTY_START_DATE,WARRANTY_END_DATE) values (81,null,185,196,'K0207917',2,'1x SDI IN
6x SDI OUT','1',201,0,0,null,null,null,null,null);
Insert into ITSTOCK.ITEMS (ID,LABEL,LOCATION_ID,BRAND_ID,SERIAL_NUMBER,CONDITION_ID,NOTES,AVAILABILITY,TYPE_ID,DELETED,CURRENT_LOCATION_ID,MODEL,KEYWORD,IMAGE,WARRANTY_START_DATE,WARRANTY_END_DATE) values (91,null,184,203,null,4,'Used for AutoCue','1',193,0,0,'Pro v2 Computer Controller',null,null,null,null);
Insert into ITSTOCK.ITEMS (ID,LABEL,LOCATION_ID,BRAND_ID,SERIAL_NUMBER,CONDITION_ID,NOTES,AVAILABILITY,TYPE_ID,DELETED,CURRENT_LOCATION_ID,MODEL,KEYWORD,IMAGE,WARRANTY_START_DATE,WARRANTY_END_DATE) values (94,null,184,184,null,1,null,'1',207,0,0,null,'Audio jack',null,null,null);
Insert into ITSTOCK.ITEMS (ID,LABEL,LOCATION_ID,BRAND_ID,SERIAL_NUMBER,CONDITION_ID,NOTES,AVAILABILITY,TYPE_ID,DELETED,CURRENT_LOCATION_ID,MODEL,KEYWORD,IMAGE,WARRANTY_START_DATE,WARRANTY_END_DATE) values (110,null,142,163,null,1,'Arabic stickers ','1',213,0,0,null,'English-Arabic(USB)',null,null,null);
Insert into ITSTOCK.ITEMS (ID,LABEL,LOCATION_ID,BRAND_ID,SERIAL_NUMBER,CONDITION_ID,NOTES,AVAILABILITY,TYPE_ID,DELETED,CURRENT_LOCATION_ID,MODEL,KEYWORD,IMAGE,WARRANTY_START_DATE,WARRANTY_END_DATE) values (113,null,142,211,null,5,null,'1',213,0,0,null,'English(USB)',null,null,null);
Insert into ITSTOCK.ITEMS (ID,LABEL,LOCATION_ID,BRAND_ID,SERIAL_NUMBER,CONDITION_ID,NOTES,AVAILABILITY,TYPE_ID,DELETED,CURRENT_LOCATION_ID,MODEL,KEYWORD,IMAGE,WARRANTY_START_DATE,WARRANTY_END_DATE) values (114,null,183,211,null,1,null,'1',186,0,0,'Mac Pro Raid Card',null,null,null,null);
Insert into ITSTOCK.ITEMS (ID,LABEL,LOCATION_ID,BRAND_ID,SERIAL_NUMBER,CONDITION_ID,NOTES,AVAILABILITY,TYPE_ID,DELETED,CURRENT_LOCATION_ID,MODEL,KEYWORD,IMAGE,WARRANTY_START_DATE,WARRANTY_END_DATE) values (116,null,183,213,null,8,null,'1',209,0,0,'GTX570',null,null,null,null);
Insert into ITSTOCK.ITEMS (ID,LABEL,LOCATION_ID,BRAND_ID,SERIAL_NUMBER,CONDITION_ID,NOTES,AVAILABILITY,TYPE_ID,DELETED,CURRENT_LOCATION_ID,MODEL,KEYWORD,IMAGE,WARRANTY_START_DATE,WARRANTY_END_DATE) values (133,'Apple TV1',185,211,'F6MMPQDUFF54',2,null,'1',204,0,0,null,null,null,null,null);
Insert into ITSTOCK.ITEMS (ID,LABEL,LOCATION_ID,BRAND_ID,SERIAL_NUMBER,CONDITION_ID,NOTES,AVAILABILITY,TYPE_ID,DELETED,CURRENT_LOCATION_ID,MODEL,KEYWORD,IMAGE,WARRANTY_START_DATE,WARRANTY_END_DATE) values (136,null,187,219,null,2,'New Battery ','1',217,0,0,'BK750',null,null,null,null);
Insert into ITSTOCK.ITEMS (ID,LABEL,LOCATION_ID,BRAND_ID,SERIAL_NUMBER,CONDITION_ID,NOTES,AVAILABILITY,TYPE_ID,DELETED,CURRENT_LOCATION_ID,MODEL,KEYWORD,IMAGE,WARRANTY_START_DATE,WARRANTY_END_DATE) values (139,'LAPTOP-TEMP-2',187,163,'4CZ1241WCL',4,null,'1',162,0,0,'Pro Book 5660b',null,null,null,null);
Insert into ITSTOCK.ITEMS (ID,LABEL,LOCATION_ID,BRAND_ID,SERIAL_NUMBER,CONDITION_ID,NOTES,AVAILABILITY,TYPE_ID,DELETED,CURRENT_LOCATION_ID,MODEL,KEYWORD,IMAGE,WARRANTY_START_DATE,WARRANTY_END_DATE) values (148,null,187,184,null,8,null,'1',207,0,0,null,'Adapters Mix',null,null,null);
Insert into ITSTOCK.ITEMS (ID,LABEL,LOCATION_ID,BRAND_ID,SERIAL_NUMBER,CONDITION_ID,NOTES,AVAILABILITY,TYPE_ID,DELETED,CURRENT_LOCATION_ID,MODEL,KEYWORD,IMAGE,WARRANTY_START_DATE,WARRANTY_END_DATE) values (149,null,187,184,null,2,null,'1',207,0,0,null,'Universal Adapter',null,null,null);
Insert into ITSTOCK.ITEMS (ID,LABEL,LOCATION_ID,BRAND_ID,SERIAL_NUMBER,CONDITION_ID,NOTES,AVAILABILITY,TYPE_ID,DELETED,CURRENT_LOCATION_ID,MODEL,KEYWORD,IMAGE,WARRANTY_START_DATE,WARRANTY_END_DATE) values (155,null,188,223,null,1,null,'1',197,0,0,'TK-V201S','2-Port Video Splitter',null,null,null);
Insert into ITSTOCK.ITEMS (ID,LABEL,LOCATION_ID,BRAND_ID,SERIAL_NUMBER,CONDITION_ID,NOTES,AVAILABILITY,TYPE_ID,DELETED,CURRENT_LOCATION_ID,MODEL,KEYWORD,IMAGE,WARRANTY_START_DATE,WARRANTY_END_DATE) values (161,'!$#!$#161',188,206,'!$#!$#161',8,null,'1',209,1,0,'Splitter',null,null,null,null);
Insert into ITSTOCK.ITEMS (ID,LABEL,LOCATION_ID,BRAND_ID,SERIAL_NUMBER,CONDITION_ID,NOTES,AVAILABILITY,TYPE_ID,DELETED,CURRENT_LOCATION_ID,MODEL,KEYWORD,IMAGE,WARRANTY_START_DATE,WARRANTY_END_DATE) values (164,'For Vmax/Airnews',188,224,'P4H8ZMTC',1,'Used for Vmax and Airnews','1',185,0,0,'DK7SAF400','4 TB (3.5 Inch)',null,null,null);
Insert into ITSTOCK.ITEMS (ID,LABEL,LOCATION_ID,BRAND_ID,SERIAL_NUMBER,CONDITION_ID,NOTES,AVAILABILITY,TYPE_ID,DELETED,CURRENT_LOCATION_ID,MODEL,KEYWORD,IMAGE,WARRANTY_START_DATE,WARRANTY_END_DATE) values (165,'For Nas 6',188,225,'N01B0XKV',1,'Used for Nas6','1',185,0,0,'HUA722010CLA330','1 TB (3.5 Inch)',null,null,null);
Insert into ITSTOCK.ITEMS (ID,LABEL,LOCATION_ID,BRAND_ID,SERIAL_NUMBER,CONDITION_ID,NOTES,AVAILABILITY,TYPE_ID,DELETED,CURRENT_LOCATION_ID,MODEL,KEYWORD,IMAGE,WARRANTY_START_DATE,WARRANTY_END_DATE) values (166,'Capturer Spare',188,226,'S2R3J9EB645305',1,'Used for Capturer','1',185,0,0,'HD256GJ','250 GB (3.5 Inch)',null,null,null);
Insert into ITSTOCK.ITEMS (ID,LABEL,LOCATION_ID,BRAND_ID,SERIAL_NUMBER,CONDITION_ID,NOTES,AVAILABILITY,TYPE_ID,DELETED,CURRENT_LOCATION_ID,MODEL,KEYWORD,IMAGE,WARRANTY_START_DATE,WARRANTY_END_DATE) values (169,'For Nas6 ',188,225,'JP2940HZ2S11YC',1,'Used for Nas6','1',185,0,0,'HDS721010CLA332','1 TB (3.5 Inch)',null,null,null);
Insert into ITSTOCK.ITEMS (ID,LABEL,LOCATION_ID,BRAND_ID,SERIAL_NUMBER,CONDITION_ID,NOTES,AVAILABILITY,TYPE_ID,DELETED,CURRENT_LOCATION_ID,MODEL,KEYWORD,IMAGE,WARRANTY_START_DATE,WARRANTY_END_DATE) values (172,'Capturer Ingest-2',188,201,'483857',1,'Used for Capturer Ingest','1',202,0,0,'BMDPCB95 REV-A1',null,null,null,null);
Insert into ITSTOCK.ITEMS (ID,LABEL,LOCATION_ID,BRAND_ID,SERIAL_NUMBER,CONDITION_ID,NOTES,AVAILABILITY,TYPE_ID,DELETED,CURRENT_LOCATION_ID,MODEL,KEYWORD,IMAGE,WARRANTY_START_DATE,WARRANTY_END_DATE) values (175,'IT-HDD18',189,227,'D02289 0992',3,null,'0',221,0,2,'StoreJet Ts2TSJ25H3P','2 TB',null,null,null);
Insert into ITSTOCK.ITEMS (ID,LABEL,LOCATION_ID,BRAND_ID,SERIAL_NUMBER,CONDITION_ID,NOTES,AVAILABILITY,TYPE_ID,DELETED,CURRENT_LOCATION_ID,MODEL,KEYWORD,IMAGE,WARRANTY_START_DATE,WARRANTY_END_DATE) values (184,'IT-USB03',189,231,null,1,null,'1',223,0,0,'Cruzer Blade ','16 GB','Sandisk 16GB.jpg',null,null);
Insert into ITSTOCK.ITEMS (ID,LABEL,LOCATION_ID,BRAND_ID,SERIAL_NUMBER,CONDITION_ID,NOTES,AVAILABILITY,TYPE_ID,DELETED,CURRENT_LOCATION_ID,MODEL,KEYWORD,IMAGE,WARRANTY_START_DATE,WARRANTY_END_DATE) values (185,null,188,212,null,1,'Used for VSN airnews 
 -See more at: http://www.nvidia.com/object/product_quadro_nvs_295_us.html#sthash.dIRRXCOi.dpuf','1',209,0,0,'Quadro NVS 295','Used for VSN airnews ',null,null,null);
Insert into ITSTOCK.ITEMS (ID,LABEL,LOCATION_ID,BRAND_ID,SERIAL_NUMBER,CONDITION_ID,NOTES,AVAILABILITY,TYPE_ID,DELETED,CURRENT_LOCATION_ID,MODEL,KEYWORD,IMAGE,WARRANTY_START_DATE,WARRANTY_END_DATE) values (305,null,202,184,'491886-002',8,null,'1',190,0,0,'PSC 61 E117098',null,null,null,null);
Insert into ITSTOCK.ITEMS (ID,LABEL,LOCATION_ID,BRAND_ID,SERIAL_NUMBER,CONDITION_ID,NOTES,AVAILABILITY,TYPE_ID,DELETED,CURRENT_LOCATION_ID,MODEL,KEYWORD,IMAGE,WARRANTY_START_DATE,WARRANTY_END_DATE) values (302,null,201,184,null,1,'Display-port to DVI Adapter cable','1',195,0,0,null,'Display to DVI','download.jpg',null,null);
Insert into ITSTOCK.ITEMS (ID,LABEL,LOCATION_ID,BRAND_ID,SERIAL_NUMBER,CONDITION_ID,NOTES,AVAILABILITY,TYPE_ID,DELETED,CURRENT_LOCATION_ID,MODEL,KEYWORD,IMAGE,WARRANTY_START_DATE,WARRANTY_END_DATE) values (304,'!$#!$#304',181,184,'!$#!$#304',8,null,'1',182,1,0,null,'PCI ',null,null,null);
Insert into ITSTOCK.ITEMS (ID,LABEL,LOCATION_ID,BRAND_ID,SERIAL_NUMBER,CONDITION_ID,NOTES,AVAILABILITY,TYPE_ID,DELETED,CURRENT_LOCATION_ID,MODEL,KEYWORD,IMAGE,WARRANTY_START_DATE,WARRANTY_END_DATE) values (309,null,202,242,null,8,'Connect devices with a 9-pin serial port, such as switches, routers, barcode scanners and network storage devices, to the USB Type-A port on your computer or laptop.
 ','1',195,0,0,'Keyspan USA-19HS','USB to Serial',null,null,null);
Insert into ITSTOCK.ITEMS (ID,LABEL,LOCATION_ID,BRAND_ID,SERIAL_NUMBER,CONDITION_ID,NOTES,AVAILABILITY,TYPE_ID,DELETED,CURRENT_LOCATION_ID,MODEL,KEYWORD,IMAGE,WARRANTY_START_DATE,WARRANTY_END_DATE) values (575,null,142,181,null,4,null,'0',213,0,1,'KR-85','English-Arabic/USB',null,null,null);
Insert into ITSTOCK.ITEMS (ID,LABEL,LOCATION_ID,BRAND_ID,SERIAL_NUMBER,CONDITION_ID,NOTES,AVAILABILITY,TYPE_ID,DELETED,CURRENT_LOCATION_ID,MODEL,KEYWORD,IMAGE,WARRANTY_START_DATE,WARRANTY_END_DATE) values (754,'28',222,225,'HD1WN13C',4,'Was used in VSNGTWY.

Replaced because of replacing error. 

Test Done using EaseUS Check and all sectors are Good.','1',185,0,0,'DS7SA101','1 TB (3.5 Inch)','s-l1000.jpg',null,null);
Insert into ITSTOCK.ITEMS (ID,LABEL,LOCATION_ID,BRAND_ID,SERIAL_NUMBER,CONDITION_ID,NOTES,AVAILABILITY,TYPE_ID,DELETED,CURRENT_LOCATION_ID,MODEL,KEYWORD,IMAGE,WARRANTY_START_DATE,WARRANTY_END_DATE) values (405,null,202,212,null,1,'PNY NVIDIA 600-50762-0501-200 C Stereo Connector Bracket For Quadro FX 3800','1',209,0,0,'PNY NVIDIA 600-50762-0501-200 C','3 Pin Setreo Connector',null,null,null);
Insert into ITSTOCK.ITEMS (ID,LABEL,LOCATION_ID,BRAND_ID,SERIAL_NUMBER,CONDITION_ID,NOTES,AVAILABILITY,TYPE_ID,DELETED,CURRENT_LOCATION_ID,MODEL,KEYWORD,IMAGE,WARRANTY_START_DATE,WARRANTY_END_DATE) values (439,null,201,184,null,1,null,'1',195,0,0,null,'HDMI to VGA','download.jpg',null,null);
Insert into ITSTOCK.ITEMS (ID,LABEL,LOCATION_ID,BRAND_ID,SERIAL_NUMBER,CONDITION_ID,NOTES,AVAILABILITY,TYPE_ID,DELETED,CURRENT_LOCATION_ID,MODEL,KEYWORD,IMAGE,WARRANTY_START_DATE,WARRANTY_END_DATE) values (440,null,201,184,null,1,null,'1',195,0,0,null,'Display to HDMI','download.jpg',null,null);
Insert into ITSTOCK.ITEMS (ID,LABEL,LOCATION_ID,BRAND_ID,SERIAL_NUMBER,CONDITION_ID,NOTES,AVAILABILITY,TYPE_ID,DELETED,CURRENT_LOCATION_ID,MODEL,KEYWORD,IMAGE,WARRANTY_START_DATE,WARRANTY_END_DATE) values (441,null,201,184,null,1,null,'1',195,0,0,null,'VGA Splitter','download.jpg',null,null);
Insert into ITSTOCK.ITEMS (ID,LABEL,LOCATION_ID,BRAND_ID,SERIAL_NUMBER,CONDITION_ID,NOTES,AVAILABILITY,TYPE_ID,DELETED,CURRENT_LOCATION_ID,MODEL,KEYWORD,IMAGE,WARRANTY_START_DATE,WARRANTY_END_DATE) values (442,null,201,184,null,1,null,'1',195,0,0,null,'VGA Splitter','download.jpg',null,null);
Insert into ITSTOCK.ITEMS (ID,LABEL,LOCATION_ID,BRAND_ID,SERIAL_NUMBER,CONDITION_ID,NOTES,AVAILABILITY,TYPE_ID,DELETED,CURRENT_LOCATION_ID,MODEL,KEYWORD,IMAGE,WARRANTY_START_DATE,WARRANTY_END_DATE) values (429,'IT-HDD42',189,227,'D49969 1054',3,null,'1',221,0,0,'StoreJet','2TB',null,null,null);
Insert into ITSTOCK.ITEMS (ID,LABEL,LOCATION_ID,BRAND_ID,SERIAL_NUMBER,CONDITION_ID,NOTES,AVAILABILITY,TYPE_ID,DELETED,CURRENT_LOCATION_ID,MODEL,KEYWORD,IMAGE,WARRANTY_START_DATE,WARRANTY_END_DATE) values (430,'IT-HDD36',189,227,'C43198 0669',2,null,'1',221,0,0,'StoreJet','1TB',null,null,null);
Insert into ITSTOCK.ITEMS (ID,LABEL,LOCATION_ID,BRAND_ID,SERIAL_NUMBER,CONDITION_ID,NOTES,AVAILABILITY,TYPE_ID,DELETED,CURRENT_LOCATION_ID,MODEL,KEYWORD,IMAGE,WARRANTY_START_DATE,WARRANTY_END_DATE) values (449,null,201,184,null,1,null,'1',195,0,0,null,'VGA to DVI Adapter','download.jpg',null,null);
Insert into ITSTOCK.ITEMS (ID,LABEL,LOCATION_ID,BRAND_ID,SERIAL_NUMBER,CONDITION_ID,NOTES,AVAILABILITY,TYPE_ID,DELETED,CURRENT_LOCATION_ID,MODEL,KEYWORD,IMAGE,WARRANTY_START_DATE,WARRANTY_END_DATE) values (461,null,189,261,null,1,'Compatible with Windows 98SE/Me/2000/XP/Vista','1',261,0,0,'ATHP-001','Bluetooth Adapter',null,null,null);
Insert into ITSTOCK.ITEMS (ID,LABEL,LOCATION_ID,BRAND_ID,SERIAL_NUMBER,CONDITION_ID,NOTES,AVAILABILITY,TYPE_ID,DELETED,CURRENT_LOCATION_ID,MODEL,KEYWORD,IMAGE,WARRANTY_START_DATE,WARRANTY_END_DATE) values (466,null,189,186,null,1,'Sleek miniature design so small that once plugged in, can be left in a Laptop’s USB port
Speedy wireless transmission at up to 150Mbps ideal for video streaming or internet calls
Advanced Security: Supports 64/128 WEP, WPA, PA2/WPA-PSK/WPA2-PSK','1',261,0,0,'TL-WN725N','Wireless N Nano USB Adapter',null,null,null);
Insert into ITSTOCK.ITEMS (ID,LABEL,LOCATION_ID,BRAND_ID,SERIAL_NUMBER,CONDITION_ID,NOTES,AVAILABILITY,TYPE_ID,DELETED,CURRENT_LOCATION_ID,MODEL,KEYWORD,IMAGE,WARRANTY_START_DATE,WARRANTY_END_DATE) values (467,'3',189,184,null,8,'Supported card types:
- Memory Stick Pro Duo,
- Memory Stick Pro,
- SMC Card,
- Secure Digital,
- Multimedia Card,
- Compact Flash,
- CF Card ','1',191,0,0,null,'All-In-One Mini Card Reader',null,null,null);
Insert into ITSTOCK.ITEMS (ID,LABEL,LOCATION_ID,BRAND_ID,SERIAL_NUMBER,CONDITION_ID,NOTES,AVAILABILITY,TYPE_ID,DELETED,CURRENT_LOCATION_ID,MODEL,KEYWORD,IMAGE,WARRANTY_START_DATE,WARRANTY_END_DATE) values (468,'8',189,184,null,8,'Supported card types:
- Memory Stick Pro Duo,
- Memory Stick Pro,
- SMC Card,
- Secure Digital,
- Multimedia Card,
- Compact Flash,
- CF Card ','1',191,0,0,null,'All-In-One Mini Card Reader',null,null,null);
Insert into ITSTOCK.ITEMS (ID,LABEL,LOCATION_ID,BRAND_ID,SERIAL_NUMBER,CONDITION_ID,NOTES,AVAILABILITY,TYPE_ID,DELETED,CURRENT_LOCATION_ID,MODEL,KEYWORD,IMAGE,WARRANTY_START_DATE,WARRANTY_END_DATE) values (472,'6',189,184,null,8,'Supported card types:
- Memory Stick Pro Duo,
- Memory Stick Pro,
- SMC Card,
- Secure Digital,
- Multimedia Card,
- Compact Flash,
- CF Card ','1',191,0,0,null,'All-In-One Mini Card Reader',null,null,null);
Insert into ITSTOCK.ITEMS (ID,LABEL,LOCATION_ID,BRAND_ID,SERIAL_NUMBER,CONDITION_ID,NOTES,AVAILABILITY,TYPE_ID,DELETED,CURRENT_LOCATION_ID,MODEL,KEYWORD,IMAGE,WARRANTY_START_DATE,WARRANTY_END_DATE) values (474,'5',189,184,null,8,'Supported card types:
- Memory Stick Pro Duo,
- Memory Stick Pro,
- SMC Card,
- Secure Digital,
- Multimedia Card,
- Compact Flash,
- CF Card ','1',191,0,0,null,'All-In-One Mini Card Reader',null,null,null);
Insert into ITSTOCK.ITEMS (ID,LABEL,LOCATION_ID,BRAND_ID,SERIAL_NUMBER,CONDITION_ID,NOTES,AVAILABILITY,TYPE_ID,DELETED,CURRENT_LOCATION_ID,MODEL,KEYWORD,IMAGE,WARRANTY_START_DATE,WARRANTY_END_DATE) values (476,null,221,264,null,8,'Point of View GeForce GT 610 graphics card - GF GT 610 - 2 GB','1',209,0,0,'GeForce GT610','PCI Express(2GB)',null,null,null);
Insert into ITSTOCK.ITEMS (ID,LABEL,LOCATION_ID,BRAND_ID,SERIAL_NUMBER,CONDITION_ID,NOTES,AVAILABILITY,TYPE_ID,DELETED,CURRENT_LOCATION_ID,MODEL,KEYWORD,IMAGE,WARRANTY_START_DATE,WARRANTY_END_DATE) values (483,null,221,265,null,1,'OS Support: win XP, win Vista, win 7/8','1',209,0,0,'NVIDIA GEFORCE GT 610','PCI Express(2GB)',null,null,null);
Insert into ITSTOCK.ITEMS (ID,LABEL,LOCATION_ID,BRAND_ID,SERIAL_NUMBER,CONDITION_ID,NOTES,AVAILABILITY,TYPE_ID,DELETED,CURRENT_LOCATION_ID,MODEL,KEYWORD,IMAGE,WARRANTY_START_DATE,WARRANTY_END_DATE) values (491,'IT-HDD14',222,187,'NA0LN59G',1,'Need power, USB 3.0 cable ','1',221,0,0,'FreeAgent GoFle Desk','2 TB (Need Power)',null,null,null);
Insert into ITSTOCK.ITEMS (ID,LABEL,LOCATION_ID,BRAND_ID,SERIAL_NUMBER,CONDITION_ID,NOTES,AVAILABILITY,TYPE_ID,DELETED,CURRENT_LOCATION_ID,MODEL,KEYWORD,IMAGE,WARRANTY_START_DATE,WARRANTY_END_DATE) values (492,'IT Private',222,267,'13971102011564QL',1,null,'1',221,0,0,'Quadra','2 TB (Need Power)',null,null,null);
Insert into ITSTOCK.ITEMS (ID,LABEL,LOCATION_ID,BRAND_ID,SERIAL_NUMBER,CONDITION_ID,NOTES,AVAILABILITY,TYPE_ID,DELETED,CURRENT_LOCATION_ID,MODEL,KEYWORD,IMAGE,WARRANTY_START_DATE,WARRANTY_END_DATE) values (557,null,142,209,null,1,null,'1',211,0,0,'DVD-R 2x-56x','4.7 GB',null,null,null);
Insert into ITSTOCK.ITEMS (ID,LABEL,LOCATION_ID,BRAND_ID,SERIAL_NUMBER,CONDITION_ID,NOTES,AVAILABILITY,TYPE_ID,DELETED,CURRENT_LOCATION_ID,MODEL,KEYWORD,IMAGE,WARRANTY_START_DATE,WARRANTY_END_DATE) values (563,null,181,181,null,1,null,'0',181,0,0,'OP-620D 2X Click','USB','a4tech-v-track-op-620d-2x-click-optical-wired-mouse-infineo-1610-20-Infineo@10.jpg',null,null);
Insert into ITSTOCK.ITEMS (ID,LABEL,LOCATION_ID,BRAND_ID,SERIAL_NUMBER,CONDITION_ID,NOTES,AVAILABILITY,TYPE_ID,DELETED,CURRENT_LOCATION_ID,MODEL,KEYWORD,IMAGE,WARRANTY_START_DATE,WARRANTY_END_DATE) values (569,null,142,181,null,1,null,'0',188,0,1,'HS-30',null,null,null,null);
Insert into ITSTOCK.ITEMS (ID,LABEL,LOCATION_ID,BRAND_ID,SERIAL_NUMBER,CONDITION_ID,NOTES,AVAILABILITY,TYPE_ID,DELETED,CURRENT_LOCATION_ID,MODEL,KEYWORD,IMAGE,WARRANTY_START_DATE,WARRANTY_END_DATE) values (537,null,185,184,'112001616166',1,null,'1',195,0,0,null,'VGA to SDI/VGA','download.jpg',null,null);
Insert into ITSTOCK.ITEMS (ID,LABEL,LOCATION_ID,BRAND_ID,SERIAL_NUMBER,CONDITION_ID,NOTES,AVAILABILITY,TYPE_ID,DELETED,CURRENT_LOCATION_ID,MODEL,KEYWORD,IMAGE,WARRANTY_START_DATE,WARRANTY_END_DATE) values (31,null,181,185,null,8,'1','1',186,0,0,null,null,null,null,null);
Insert into ITSTOCK.ITEMS (ID,LABEL,LOCATION_ID,BRAND_ID,SERIAL_NUMBER,CONDITION_ID,NOTES,AVAILABILITY,TYPE_ID,DELETED,CURRENT_LOCATION_ID,MODEL,KEYWORD,IMAGE,WARRANTY_START_DATE,WARRANTY_END_DATE) values (27,null,222,167,null,1,'1','1',185,0,0,null,'1 TB (2.5 Inch)',null,null,null);
Insert into ITSTOCK.ITEMS (ID,LABEL,LOCATION_ID,BRAND_ID,SERIAL_NUMBER,CONDITION_ID,NOTES,AVAILABILITY,TYPE_ID,DELETED,CURRENT_LOCATION_ID,MODEL,KEYWORD,IMAGE,WARRANTY_START_DATE,WARRANTY_END_DATE) values (29,'!$#!$#29',181,167,'!$#!$#29',1,'1','1',185,1,0,'L200',null,null,null,null);
Insert into ITSTOCK.ITEMS (ID,LABEL,LOCATION_ID,BRAND_ID,SERIAL_NUMBER,CONDITION_ID,NOTES,AVAILABILITY,TYPE_ID,DELETED,CURRENT_LOCATION_ID,MODEL,KEYWORD,IMAGE,WARRANTY_START_DATE,WARRANTY_END_DATE) values (32,null,181,185,null,8,'1','1',186,0,0,null,null,null,null,null);
Insert into ITSTOCK.ITEMS (ID,LABEL,LOCATION_ID,BRAND_ID,SERIAL_NUMBER,CONDITION_ID,NOTES,AVAILABILITY,TYPE_ID,DELETED,CURRENT_LOCATION_ID,MODEL,KEYWORD,IMAGE,WARRANTY_START_DATE,WARRANTY_END_DATE) values (33,null,181,163,null,8,'1','1',182,0,0,null,'PCIe x1 (4 Ports)',null,null,null);
Insert into ITSTOCK.ITEMS (ID,LABEL,LOCATION_ID,BRAND_ID,SERIAL_NUMBER,CONDITION_ID,NOTES,AVAILABILITY,TYPE_ID,DELETED,CURRENT_LOCATION_ID,MODEL,KEYWORD,IMAGE,WARRANTY_START_DATE,WARRANTY_END_DATE) values (34,'!$#!$#34',181,186,'!$#!$#34',8,'1','1',182,1,0,null,null,null,null,null);
Insert into ITSTOCK.ITEMS (ID,LABEL,LOCATION_ID,BRAND_ID,SERIAL_NUMBER,CONDITION_ID,NOTES,AVAILABILITY,TYPE_ID,DELETED,CURRENT_LOCATION_ID,MODEL,KEYWORD,IMAGE,WARRANTY_START_DATE,WARRANTY_END_DATE) values (40,null,181,163,null,3,null,'1',181,0,0,null,'USB','no_image.jpg',null,null);
Insert into ITSTOCK.ITEMS (ID,LABEL,LOCATION_ID,BRAND_ID,SERIAL_NUMBER,CONDITION_ID,NOTES,AVAILABILITY,TYPE_ID,DELETED,CURRENT_LOCATION_ID,MODEL,KEYWORD,IMAGE,WARRANTY_START_DATE,WARRANTY_END_DATE) values (42,'!$#!$#42',181,163,'!$#!$#42',3,null,'1',181,1,0,null,null,'no_image.jpg',null,null);
Insert into ITSTOCK.ITEMS (ID,LABEL,LOCATION_ID,BRAND_ID,SERIAL_NUMBER,CONDITION_ID,NOTES,AVAILABILITY,TYPE_ID,DELETED,CURRENT_LOCATION_ID,MODEL,KEYWORD,IMAGE,WARRANTY_START_DATE,WARRANTY_END_DATE) values (44,null,222,167,null,1,null,'1',185,0,0,null,'500 GB (2.5 Inch)',null,null,null);
Insert into ITSTOCK.ITEMS (ID,LABEL,LOCATION_ID,BRAND_ID,SERIAL_NUMBER,CONDITION_ID,NOTES,AVAILABILITY,TYPE_ID,DELETED,CURRENT_LOCATION_ID,MODEL,KEYWORD,IMAGE,WARRANTY_START_DATE,WARRANTY_END_DATE) values (45,null,222,167,null,1,null,'1',185,0,0,null,'500 GB (2.5 Inch)',null,null,null);
Insert into ITSTOCK.ITEMS (ID,LABEL,LOCATION_ID,BRAND_ID,SERIAL_NUMBER,CONDITION_ID,NOTES,AVAILABILITY,TYPE_ID,DELETED,CURRENT_LOCATION_ID,MODEL,KEYWORD,IMAGE,WARRANTY_START_DATE,WARRANTY_END_DATE) values (48,'!$#!$#48',142,181,'!$#!$#48',4,null,'1',188,1,0,null,null,null,null,null);
Insert into ITSTOCK.ITEMS (ID,LABEL,LOCATION_ID,BRAND_ID,SERIAL_NUMBER,CONDITION_ID,NOTES,AVAILABILITY,TYPE_ID,DELETED,CURRENT_LOCATION_ID,MODEL,KEYWORD,IMAGE,WARRANTY_START_DATE,WARRANTY_END_DATE) values (57,null,181,191,null,8,'SxS Reader

Maybe not working ','1',191,0,0,'SBAC-US20','Sony SXS Pro Media Card Reader ',null,null,null);
Insert into ITSTOCK.ITEMS (ID,LABEL,LOCATION_ID,BRAND_ID,SERIAL_NUMBER,CONDITION_ID,NOTES,AVAILABILITY,TYPE_ID,DELETED,CURRENT_LOCATION_ID,MODEL,KEYWORD,IMAGE,WARRANTY_START_DATE,WARRANTY_END_DATE) values (75,null,184,198,null,1,'Video-wall Remote','1',199,0,0,'R400',null,null,null,null);
REM INSERTING into ITSTOCK.ITEMSPECVALUES
SET DEFINE OFF;
Insert into ITSTOCK.ITEMSPECVALUES (ID,VALUE,ITEM_ID,SPEC_ID) values (887,'GeForce 820M (2GB DDR3)',873,150);
Insert into ITSTOCK.ITEMSPECVALUES (ID,VALUE,ITEM_ID,SPEC_ID) values (891,'USB',874,171);
Insert into ITSTOCK.ITEMSPECVALUES (ID,VALUE,ITEM_ID,SPEC_ID) values (894,'English',875,195);
Insert into ITSTOCK.ITEMSPECVALUES (ID,VALUE,ITEM_ID,SPEC_ID) values (905,'English/Arabic',893,195);
Insert into ITSTOCK.ITEMSPECVALUES (ID,VALUE,ITEM_ID,SPEC_ID) values (929,'16 GB',917,167);
Insert into ITSTOCK.ITEMSPECVALUES (ID,VALUE,ITEM_ID,SPEC_ID) values (888,'i7-4500u 1.80GHz',873,201);
Insert into ITSTOCK.ITEMSPECVALUES (ID,VALUE,ITEM_ID,SPEC_ID) values (892,'English',874,195);
Insert into ITSTOCK.ITEMSPECVALUES (ID,VALUE,ITEM_ID,SPEC_ID) values (896,'USB',877,171);
Insert into ITSTOCK.ITEMSPECVALUES (ID,VALUE,ITEM_ID,SPEC_ID) values (928,'16 GB',916,167);
Insert into ITSTOCK.ITEMSPECVALUES (ID,VALUE,ITEM_ID,SPEC_ID) values (411,'6',78,169);
Insert into ITSTOCK.ITEMSPECVALUES (ID,VALUE,ITEM_ID,SPEC_ID) values (867,'Need Driver',778,175);
Insert into ITSTOCK.ITEMSPECVALUES (ID,VALUE,ITEM_ID,SPEC_ID) values (822,'USB',561,171);
Insert into ITSTOCK.ITEMSPECVALUES (ID,VALUE,ITEM_ID,SPEC_ID) values (823,'USB',562,171);
Insert into ITSTOCK.ITEMSPECVALUES (ID,VALUE,ITEM_ID,SPEC_ID) values (443,'USB',105,171);
Insert into ITSTOCK.ITEMSPECVALUES (ID,VALUE,ITEM_ID,SPEC_ID) values (444,'English',105,195);
Insert into ITSTOCK.ITEMSPECVALUES (ID,VALUE,ITEM_ID,SPEC_ID) values (376,'Fan',58,173);
Insert into ITSTOCK.ITEMSPECVALUES (ID,VALUE,ITEM_ID,SPEC_ID) values (407,'4',73,169);
Insert into ITSTOCK.ITEMSPECVALUES (ID,VALUE,ITEM_ID,SPEC_ID) values (393,'3.5 Inch',36,168);
Insert into ITSTOCK.ITEMSPECVALUES (ID,VALUE,ITEM_ID,SPEC_ID) values (471,'No',124,174);
Insert into ITSTOCK.ITEMSPECVALUES (ID,VALUE,ITEM_ID,SPEC_ID) values (394,'250 GB',36,167);
Insert into ITSTOCK.ITEMSPECVALUES (ID,VALUE,ITEM_ID,SPEC_ID) values (386,'USB to HDMI',65,176);
Insert into ITSTOCK.ITEMSPECVALUES (ID,VALUE,ITEM_ID,SPEC_ID) values (387,'No',63,174);
Insert into ITSTOCK.ITEMSPECVALUES (ID,VALUE,ITEM_ID,SPEC_ID) values (472,'Analog to USB',124,176);
Insert into ITSTOCK.ITEMSPECVALUES (ID,VALUE,ITEM_ID,SPEC_ID) values (473,'Plug and Play',124,175);
Insert into ITSTOCK.ITEMSPECVALUES (ID,VALUE,ITEM_ID,SPEC_ID) values (474,'No',125,174);
Insert into ITSTOCK.ITEMSPECVALUES (ID,VALUE,ITEM_ID,SPEC_ID) values (475,'Serial to USB',125,176);
Insert into ITSTOCK.ITEMSPECVALUES (ID,VALUE,ITEM_ID,SPEC_ID) values (476,'Plug and Play',125,175);
Insert into ITSTOCK.ITEMSPECVALUES (ID,VALUE,ITEM_ID,SPEC_ID) values (498,'500W',153,202);
Insert into ITSTOCK.ITEMSPECVALUES (ID,VALUE,ITEM_ID,SPEC_ID) values (521,'2',171,169);
Insert into ITSTOCK.ITEMSPECVALUES (ID,VALUE,ITEM_ID,SPEC_ID) values (522,'BNC',171,171);
Insert into ITSTOCK.ITEMSPECVALUES (ID,VALUE,ITEM_ID,SPEC_ID) values (832,'No',177,174);
Insert into ITSTOCK.ITEMSPECVALUES (ID,VALUE,ITEM_ID,SPEC_ID) values (837,'Yes',491,174);
Insert into ITSTOCK.ITEMSPECVALUES (ID,VALUE,ITEM_ID,SPEC_ID) values (595,'PCI Express',308,162);
Insert into ITSTOCK.ITEMSPECVALUES (ID,VALUE,ITEM_ID,SPEC_ID) values (596,'2',308,169);
Insert into ITSTOCK.ITEMSPECVALUES (ID,VALUE,ITEM_ID,SPEC_ID) values (606,'3 Pin Mini DIN Stereo',405,171);
Insert into ITSTOCK.ITEMSPECVALUES (ID,VALUE,ITEM_ID,SPEC_ID) values (609,'1',404,169);
Insert into ITSTOCK.ITEMSPECVALUES (ID,VALUE,ITEM_ID,SPEC_ID) values (613,'Connector ',404,162);
Insert into ITSTOCK.ITEMSPECVALUES (ID,VALUE,ITEM_ID,SPEC_ID) values (621,'Windows 7 Pro 64bit',431,199);
Insert into ITSTOCK.ITEMSPECVALUES (ID,VALUE,ITEM_ID,SPEC_ID) values (622,'700GB',431,152);
Insert into ITSTOCK.ITEMSPECVALUES (ID,VALUE,ITEM_ID,SPEC_ID) values (642,'No',438,174);
Insert into ITSTOCK.ITEMSPECVALUES (ID,VALUE,ITEM_ID,SPEC_ID) values (643,'DVI to VGA',438,176);
Insert into ITSTOCK.ITEMSPECVALUES (ID,VALUE,ITEM_ID,SPEC_ID) values (644,'Plug and Play',438,175);
Insert into ITSTOCK.ITEMSPECVALUES (ID,VALUE,ITEM_ID,SPEC_ID) values (660,'No',444,174);
Insert into ITSTOCK.ITEMSPECVALUES (ID,VALUE,ITEM_ID,SPEC_ID) values (661,'Android USB 2.0 to HDMI',444,176);
Insert into ITSTOCK.ITEMSPECVALUES (ID,VALUE,ITEM_ID,SPEC_ID) values (662,'Plug and Play',444,175);
Insert into ITSTOCK.ITEMSPECVALUES (ID,VALUE,ITEM_ID,SPEC_ID) values (666,'No',446,174);
Insert into ITSTOCK.ITEMSPECVALUES (ID,VALUE,ITEM_ID,SPEC_ID) values (667,'Amplifier Internet Network',446,176);
Insert into ITSTOCK.ITEMSPECVALUES (ID,VALUE,ITEM_ID,SPEC_ID) values (668,'Plug and Play',446,175);
Insert into ITSTOCK.ITEMSPECVALUES (ID,VALUE,ITEM_ID,SPEC_ID) values (669,'No',447,174);
Insert into ITSTOCK.ITEMSPECVALUES (ID,VALUE,ITEM_ID,SPEC_ID) values (670,'VGA to DVI',447,176);
Insert into ITSTOCK.ITEMSPECVALUES (ID,VALUE,ITEM_ID,SPEC_ID) values (671,'Plug and Play',447,175);
Insert into ITSTOCK.ITEMSPECVALUES (ID,VALUE,ITEM_ID,SPEC_ID) values (678,'No',450,174);
Insert into ITSTOCK.ITEMSPECVALUES (ID,VALUE,ITEM_ID,SPEC_ID) values (679,'Mini HDMI to HDMI Adapter',450,176);
Insert into ITSTOCK.ITEMSPECVALUES (ID,VALUE,ITEM_ID,SPEC_ID) values (680,'Plug and Play',450,175);
Insert into ITSTOCK.ITEMSPECVALUES (ID,VALUE,ITEM_ID,SPEC_ID) values (681,'50',454,192);
Insert into ITSTOCK.ITEMSPECVALUES (ID,VALUE,ITEM_ID,SPEC_ID) values (682,'4.7GB',454,167);
Insert into ITSTOCK.ITEMSPECVALUES (ID,VALUE,ITEM_ID,SPEC_ID) values (844,'No',21,174);
Insert into ITSTOCK.ITEMSPECVALUES (ID,VALUE,ITEM_ID,SPEC_ID) values (847,'3.5 Inch',754,168);
Insert into ITSTOCK.ITEMSPECVALUES (ID,VALUE,ITEM_ID,SPEC_ID) values (709,'DVI - HDMI - VGA',477,171);
Insert into ITSTOCK.ITEMSPECVALUES (ID,VALUE,ITEM_ID,SPEC_ID) values (710,'3',477,169);
Insert into ITSTOCK.ITEMSPECVALUES (ID,VALUE,ITEM_ID,SPEC_ID) values (711,'PCI Express 2.0 x16',477,162);
Insert into ITSTOCK.ITEMSPECVALUES (ID,VALUE,ITEM_ID,SPEC_ID) values (712,'48',477,190);
Insert into ITSTOCK.ITEMSPECVALUES (ID,VALUE,ITEM_ID,SPEC_ID) values (713,'2 GB - DDR3',477,189);
Insert into ITSTOCK.ITEMSPECVALUES (ID,VALUE,ITEM_ID,SPEC_ID) values (719,'DVI - HDMI - VGA',479,171);
Insert into ITSTOCK.ITEMSPECVALUES (ID,VALUE,ITEM_ID,SPEC_ID) values (720,'3',479,169);
Insert into ITSTOCK.ITEMSPECVALUES (ID,VALUE,ITEM_ID,SPEC_ID) values (721,'PCI Express 2.0 x16',479,162);
Insert into ITSTOCK.ITEMSPECVALUES (ID,VALUE,ITEM_ID,SPEC_ID) values (722,'48',479,190);
Insert into ITSTOCK.ITEMSPECVALUES (ID,VALUE,ITEM_ID,SPEC_ID) values (723,'2 GB - DDR3',479,189);
Insert into ITSTOCK.ITEMSPECVALUES (ID,VALUE,ITEM_ID,SPEC_ID) values (732,'dms-59 (to dual VGA adapter)',482,171);
Insert into ITSTOCK.ITEMSPECVALUES (ID,VALUE,ITEM_ID,SPEC_ID) values (733,'1',482,169);
Insert into ITSTOCK.ITEMSPECVALUES (ID,VALUE,ITEM_ID,SPEC_ID) values (734,'PCI Express x16',482,162);
Insert into ITSTOCK.ITEMSPECVALUES (ID,VALUE,ITEM_ID,SPEC_ID) values (735,'512 MB',482,189);
Insert into ITSTOCK.ITEMSPECVALUES (ID,VALUE,ITEM_ID,SPEC_ID) values (748,'dms-59 (to dual VGA adapter)',486,171);
Insert into ITSTOCK.ITEMSPECVALUES (ID,VALUE,ITEM_ID,SPEC_ID) values (749,'1',486,169);
Insert into ITSTOCK.ITEMSPECVALUES (ID,VALUE,ITEM_ID,SPEC_ID) values (750,'PCI Express x16',486,162);
Insert into ITSTOCK.ITEMSPECVALUES (ID,VALUE,ITEM_ID,SPEC_ID) values (751,'512 MB',486,189);
Insert into ITSTOCK.ITEMSPECVALUES (ID,VALUE,ITEM_ID,SPEC_ID) values (760,'dms-59 (to dual VGA adapter)',489,171);
Insert into ITSTOCK.ITEMSPECVALUES (ID,VALUE,ITEM_ID,SPEC_ID) values (761,'1',489,169);
Insert into ITSTOCK.ITEMSPECVALUES (ID,VALUE,ITEM_ID,SPEC_ID) values (762,'PCI Express x16',489,162);
Insert into ITSTOCK.ITEMSPECVALUES (ID,VALUE,ITEM_ID,SPEC_ID) values (763,'512 MB',489,189);
Insert into ITSTOCK.ITEMSPECVALUES (ID,VALUE,ITEM_ID,SPEC_ID) values (782,'Yes',538,174);
Insert into ITSTOCK.ITEMSPECVALUES (ID,VALUE,ITEM_ID,SPEC_ID) values (783,'BNC/RCA & Svideo to VGA ',538,176);
Insert into ITSTOCK.ITEMSPECVALUES (ID,VALUE,ITEM_ID,SPEC_ID) values (784,'Plug and Play',538,175);
Insert into ITSTOCK.ITEMSPECVALUES (ID,VALUE,ITEM_ID,SPEC_ID) values (809,'PCI',554,162);
Insert into ITSTOCK.ITEMSPECVALUES (ID,VALUE,ITEM_ID,SPEC_ID) values (810,'1',554,169);
Insert into ITSTOCK.ITEMSPECVALUES (ID,VALUE,ITEM_ID,SPEC_ID) values (848,'1 TB',754,167);
Insert into ITSTOCK.ITEMSPECVALUES (ID,VALUE,ITEM_ID,SPEC_ID) values (865,'Yes',778,174);
Insert into ITSTOCK.ITEMSPECVALUES (ID,VALUE,ITEM_ID,SPEC_ID) values (866,'DVI/HDMI to SDI',778,176);
Insert into ITSTOCK.ITEMSPECVALUES (ID,VALUE,ITEM_ID,SPEC_ID) values (820,'4.7 GB',559,167);
Insert into ITSTOCK.ITEMSPECVALUES (ID,VALUE,ITEM_ID,SPEC_ID) values (412,'6',79,169);
Insert into ITSTOCK.ITEMSPECVALUES (ID,VALUE,ITEM_ID,SPEC_ID) values (415,'Yes',82,174);
Insert into ITSTOCK.ITEMSPECVALUES (ID,VALUE,ITEM_ID,SPEC_ID) values (416,'SDI to HDMI',82,176);
Insert into ITSTOCK.ITEMSPECVALUES (ID,VALUE,ITEM_ID,SPEC_ID) values (417,'Plug and Play',82,175);
Insert into ITSTOCK.ITEMSPECVALUES (ID,VALUE,ITEM_ID,SPEC_ID) values (418,'USB',40,171);
Insert into ITSTOCK.ITEMSPECVALUES (ID,VALUE,ITEM_ID,SPEC_ID) values (752,'dms-59 (to dual VGA adapter)',487,171);
Insert into ITSTOCK.ITEMSPECVALUES (ID,VALUE,ITEM_ID,SPEC_ID) values (421,'4',83,169);
Insert into ITSTOCK.ITEMSPECVALUES (ID,VALUE,ITEM_ID,SPEC_ID) values (422,'Mini BNC',83,171);
Insert into ITSTOCK.ITEMSPECVALUES (ID,VALUE,ITEM_ID,SPEC_ID) values (433,'1GB',96,189);
Insert into ITSTOCK.ITEMSPECVALUES (ID,VALUE,ITEM_ID,SPEC_ID) values (435,'4GB',98,189);
Insert into ITSTOCK.ITEMSPECVALUES (ID,VALUE,ITEM_ID,SPEC_ID) values (753,'1',487,169);
Insert into ITSTOCK.ITEMSPECVALUES (ID,VALUE,ITEM_ID,SPEC_ID) values (754,'PCI Express x16',487,162);
Insert into ITSTOCK.ITEMSPECVALUES (ID,VALUE,ITEM_ID,SPEC_ID) values (438,'3TB',102,167);
Insert into ITSTOCK.ITEMSPECVALUES (ID,VALUE,ITEM_ID,SPEC_ID) values (451,'PS2',109,171);
Insert into ITSTOCK.ITEMSPECVALUES (ID,VALUE,ITEM_ID,SPEC_ID) values (452,'English',109,195);
Insert into ITSTOCK.ITEMSPECVALUES (ID,VALUE,ITEM_ID,SPEC_ID) values (465,'2.5 GB GDDR5 ',118,189);
Insert into ITSTOCK.ITEMSPECVALUES (ID,VALUE,ITEM_ID,SPEC_ID) values (466,'352 ',118,190);
Insert into ITSTOCK.ITEMSPECVALUES (ID,VALUE,ITEM_ID,SPEC_ID) values (469,'2 GB GDDR5 ',120,189);
Insert into ITSTOCK.ITEMSPECVALUES (ID,VALUE,ITEM_ID,SPEC_ID) values (470,'256',120,190);
Insert into ITSTOCK.ITEMSPECVALUES (ID,VALUE,ITEM_ID,SPEC_ID) values (484,'USB',132,197);
Insert into ITSTOCK.ITEMSPECVALUES (ID,VALUE,ITEM_ID,SPEC_ID) values (490,'2.5 GB AMD Radeon HD 860 OM',138,150);
Insert into ITSTOCK.ITEMSPECVALUES (ID,VALUE,ITEM_ID,SPEC_ID) values (491,'8 GB',138,151);
Insert into ITSTOCK.ITEMSPECVALUES (ID,VALUE,ITEM_ID,SPEC_ID) values (492,'Window 7 Ultimate',138,199);
Insert into ITSTOCK.ITEMSPECVALUES (ID,VALUE,ITEM_ID,SPEC_ID) values (493,'Intel 7 (5500U) (2.4 GHZ)',138,201);
Insert into ITSTOCK.ITEMSPECVALUES (ID,VALUE,ITEM_ID,SPEC_ID) values (593,'PCI',307,162);
Insert into ITSTOCK.ITEMSPECVALUES (ID,VALUE,ITEM_ID,SPEC_ID) values (594,'3',307,169);
Insert into ITSTOCK.ITEMSPECVALUES (ID,VALUE,ITEM_ID,SPEC_ID) values (602,'Mini PCI Express',338,162);
Insert into ITSTOCK.ITEMSPECVALUES (ID,VALUE,ITEM_ID,SPEC_ID) values (615,'Connector ',407,162);
Insert into ITSTOCK.ITEMSPECVALUES (ID,VALUE,ITEM_ID,SPEC_ID) values (515,'3.5 Inch',168,168);
Insert into ITSTOCK.ITEMSPECVALUES (ID,VALUE,ITEM_ID,SPEC_ID) values (516,'3 TB',168,167);
Insert into ITSTOCK.ITEMSPECVALUES (ID,VALUE,ITEM_ID,SPEC_ID) values (529,'1 TB',177,167);
Insert into ITSTOCK.ITEMSPECVALUES (ID,VALUE,ITEM_ID,SPEC_ID) values (533,'CF/UDMA-microSD-SDXC/UHS-1',179,209);
Insert into ITSTOCK.ITEMSPECVALUES (ID,VALUE,ITEM_ID,SPEC_ID) values (535,'16 GB',182,167);
Insert into ITSTOCK.ITEMSPECVALUES (ID,VALUE,ITEM_ID,SPEC_ID) values (623,'AMD Radeon HD 4GB',431,150);
Insert into ITSTOCK.ITEMSPECVALUES (ID,VALUE,ITEM_ID,SPEC_ID) values (624,'Intel Core i7 - 3632QM',431,201);
Insert into ITSTOCK.ITEMSPECVALUES (ID,VALUE,ITEM_ID,SPEC_ID) values (625,'8GB',431,151);
Insert into ITSTOCK.ITEMSPECVALUES (ID,VALUE,ITEM_ID,SPEC_ID) values (627,'No',433,174);
Insert into ITSTOCK.ITEMSPECVALUES (ID,VALUE,ITEM_ID,SPEC_ID) values (628,'Display port to VGA adapter',433,176);
Insert into ITSTOCK.ITEMSPECVALUES (ID,VALUE,ITEM_ID,SPEC_ID) values (629,'Plug and Play',433,175);
Insert into ITSTOCK.ITEMSPECVALUES (ID,VALUE,ITEM_ID,SPEC_ID) values (630,'No',434,174);
Insert into ITSTOCK.ITEMSPECVALUES (ID,VALUE,ITEM_ID,SPEC_ID) values (631,'Display port to VGA adapter',434,176);
Insert into ITSTOCK.ITEMSPECVALUES (ID,VALUE,ITEM_ID,SPEC_ID) values (632,'Plug and Play',434,175);
Insert into ITSTOCK.ITEMSPECVALUES (ID,VALUE,ITEM_ID,SPEC_ID) values (633,'No',435,174);
Insert into ITSTOCK.ITEMSPECVALUES (ID,VALUE,ITEM_ID,SPEC_ID) values (634,'Display port to VGA adapter',435,176);
Insert into ITSTOCK.ITEMSPECVALUES (ID,VALUE,ITEM_ID,SPEC_ID) values (635,'Plug and Play',435,175);
Insert into ITSTOCK.ITEMSPECVALUES (ID,VALUE,ITEM_ID,SPEC_ID) values (657,'No',443,174);
Insert into ITSTOCK.ITEMSPECVALUES (ID,VALUE,ITEM_ID,SPEC_ID) values (658,'HDMI to DVI',443,176);
Insert into ITSTOCK.ITEMSPECVALUES (ID,VALUE,ITEM_ID,SPEC_ID) values (659,'Plug and Play',443,175);
Insert into ITSTOCK.ITEMSPECVALUES (ID,VALUE,ITEM_ID,SPEC_ID) values (663,'No',445,174);
Insert into ITSTOCK.ITEMSPECVALUES (ID,VALUE,ITEM_ID,SPEC_ID) values (664,'USB to HDMI Adapter',445,176);
Insert into ITSTOCK.ITEMSPECVALUES (ID,VALUE,ITEM_ID,SPEC_ID) values (665,'Plug and Play',445,175);
Insert into ITSTOCK.ITEMSPECVALUES (ID,VALUE,ITEM_ID,SPEC_ID) values (755,'512 MB',487,189);
Insert into ITSTOCK.ITEMSPECVALUES (ID,VALUE,ITEM_ID,SPEC_ID) values (764,'dms-59 (to dual VGA adapter)',490,171);
Insert into ITSTOCK.ITEMSPECVALUES (ID,VALUE,ITEM_ID,SPEC_ID) values (765,'1',490,169);
Insert into ITSTOCK.ITEMSPECVALUES (ID,VALUE,ITEM_ID,SPEC_ID) values (766,'PCI Express x16',490,162);
Insert into ITSTOCK.ITEMSPECVALUES (ID,VALUE,ITEM_ID,SPEC_ID) values (767,'512 MB',490,189);
Insert into ITSTOCK.ITEMSPECVALUES (ID,VALUE,ITEM_ID,SPEC_ID) values (770,'2 TB',493,167);
Insert into ITSTOCK.ITEMSPECVALUES (ID,VALUE,ITEM_ID,SPEC_ID) values (785,'1x VGA , 3x DVI',539,171);
Insert into ITSTOCK.ITEMSPECVALUES (ID,VALUE,ITEM_ID,SPEC_ID) values (786,'5',539,169);
Insert into ITSTOCK.ITEMSPECVALUES (ID,VALUE,ITEM_ID,SPEC_ID) values (787,'4',542,169);
Insert into ITSTOCK.ITEMSPECVALUES (ID,VALUE,ITEM_ID,SPEC_ID) values (791,'PCIe x1',545,162);
Insert into ITSTOCK.ITEMSPECVALUES (ID,VALUE,ITEM_ID,SPEC_ID) values (792,'1',545,169);
Insert into ITSTOCK.ITEMSPECVALUES (ID,VALUE,ITEM_ID,SPEC_ID) values (821,'USB',560,171);
Insert into ITSTOCK.ITEMSPECVALUES (ID,VALUE,ITEM_ID,SPEC_ID) values (819,'50',559,192);
Insert into ITSTOCK.ITEMSPECVALUES (ID,VALUE,ITEM_ID,SPEC_ID) values (830,'No',175,174);
Insert into ITSTOCK.ITEMSPECVALUES (ID,VALUE,ITEM_ID,SPEC_ID) values (838,'Yes',492,174);
Insert into ITSTOCK.ITEMSPECVALUES (ID,VALUE,ITEM_ID,SPEC_ID) values (812,'4.7 GB',555,167);
Insert into ITSTOCK.ITEMSPECVALUES (ID,VALUE,ITEM_ID,SPEC_ID) values (431,'BNC ',85,171);
Insert into ITSTOCK.ITEMSPECVALUES (ID,VALUE,ITEM_ID,SPEC_ID) values (424,'7',80,169);
Insert into ITSTOCK.ITEMSPECVALUES (ID,VALUE,ITEM_ID,SPEC_ID) values (430,'SDI/HDMI',85,188);
Insert into ITSTOCK.ITEMSPECVALUES (ID,VALUE,ITEM_ID,SPEC_ID) values (432,'4',85,169);
Insert into ITSTOCK.ITEMSPECVALUES (ID,VALUE,ITEM_ID,SPEC_ID) values (447,'USB',107,171);
Insert into ITSTOCK.ITEMSPECVALUES (ID,VALUE,ITEM_ID,SPEC_ID) values (388,'Plug and play',63,175);
Insert into ITSTOCK.ITEMSPECVALUES (ID,VALUE,ITEM_ID,SPEC_ID) values (389,'Need driver',65,175);
Insert into ITSTOCK.ITEMSPECVALUES (ID,VALUE,ITEM_ID,SPEC_ID) values (395,'3.5 Inch',39,168);
Insert into ITSTOCK.ITEMSPECVALUES (ID,VALUE,ITEM_ID,SPEC_ID) values (396,'250 GB',39,167);
Insert into ITSTOCK.ITEMSPECVALUES (ID,VALUE,ITEM_ID,SPEC_ID) values (397,'3.5 Inch',43,168);
Insert into ITSTOCK.ITEMSPECVALUES (ID,VALUE,ITEM_ID,SPEC_ID) values (398,'1 TB',43,167);
Insert into ITSTOCK.ITEMSPECVALUES (ID,VALUE,ITEM_ID,SPEC_ID) values (448,'English- Arabic',107,195);
Insert into ITSTOCK.ITEMSPECVALUES (ID,VALUE,ITEM_ID,SPEC_ID) values (449,'USB',108,171);
Insert into ITSTOCK.ITEMSPECVALUES (ID,VALUE,ITEM_ID,SPEC_ID) values (450,'English',108,195);
Insert into ITSTOCK.ITEMSPECVALUES (ID,VALUE,ITEM_ID,SPEC_ID) values (455,'USB',111,171);
Insert into ITSTOCK.ITEMSPECVALUES (ID,VALUE,ITEM_ID,SPEC_ID) values (456,'English',111,195);
Insert into ITSTOCK.ITEMSPECVALUES (ID,VALUE,ITEM_ID,SPEC_ID) values (464,'1280MB',117,189);
Insert into ITSTOCK.ITEMSPECVALUES (ID,VALUE,ITEM_ID,SPEC_ID) values (467,'2 GB GDDR5 ',119,189);
Insert into ITSTOCK.ITEMSPECVALUES (ID,VALUE,ITEM_ID,SPEC_ID) values (468,'256',119,190);
Insert into ITSTOCK.ITEMSPECVALUES (ID,VALUE,ITEM_ID,SPEC_ID) values (481,'BNC',130,171);
Insert into ITSTOCK.ITEMSPECVALUES (ID,VALUE,ITEM_ID,SPEC_ID) values (482,'9',130,169);
Insert into ITSTOCK.ITEMSPECVALUES (ID,VALUE,ITEM_ID,SPEC_ID) values (494,'4 GB',140,151);
Insert into ITSTOCK.ITEMSPECVALUES (ID,VALUE,ITEM_ID,SPEC_ID) values (495,'320 GB',140,152);
Insert into ITSTOCK.ITEMSPECVALUES (ID,VALUE,ITEM_ID,SPEC_ID) values (497,'500W',152,202);
Insert into ITSTOCK.ITEMSPECVALUES (ID,VALUE,ITEM_ID,SPEC_ID) values (499,'4-Port VGA',154,169);
Insert into ITSTOCK.ITEMSPECVALUES (ID,VALUE,ITEM_ID,SPEC_ID) values (505,'3.5 Inch',163,168);
Insert into ITSTOCK.ITEMSPECVALUES (ID,VALUE,ITEM_ID,SPEC_ID) values (506,'300 GB',163,167);
Insert into ITSTOCK.ITEMSPECVALUES (ID,VALUE,ITEM_ID,SPEC_ID) values (513,'3.5 Inch',167,168);
Insert into ITSTOCK.ITEMSPECVALUES (ID,VALUE,ITEM_ID,SPEC_ID) values (514,'4 TB',167,167);
Insert into ITSTOCK.ITEMSPECVALUES (ID,VALUE,ITEM_ID,SPEC_ID) values (528,'1 TB',176,167);
Insert into ITSTOCK.ITEMSPECVALUES (ID,VALUE,ITEM_ID,SPEC_ID) values (530,'3.5 Inch / 2.5 Inch',178,162);
Insert into ITSTOCK.ITEMSPECVALUES (ID,VALUE,ITEM_ID,SPEC_ID) values (531,'SATA',178,171);
Insert into ITSTOCK.ITEMSPECVALUES (ID,VALUE,ITEM_ID,SPEC_ID) values (534,'1 Tera',181,167);
Insert into ITSTOCK.ITEMSPECVALUES (ID,VALUE,ITEM_ID,SPEC_ID) values (561,'2 TB',21,167);
Insert into ITSTOCK.ITEMSPECVALUES (ID,VALUE,ITEM_ID,SPEC_ID) values (566,'Intel i7 4700 MQ ',191,201);
Insert into ITSTOCK.ITEMSPECVALUES (ID,VALUE,ITEM_ID,SPEC_ID) values (591,'PCI',306,162);
Insert into ITSTOCK.ITEMSPECVALUES (ID,VALUE,ITEM_ID,SPEC_ID) values (592,'2',306,169);
Insert into ITSTOCK.ITEMSPECVALUES (ID,VALUE,ITEM_ID,SPEC_ID) values (616,'Connector ',406,162);
Insert into ITSTOCK.ITEMSPECVALUES (ID,VALUE,ITEM_ID,SPEC_ID) values (626,'16GB',432,167);
Insert into ITSTOCK.ITEMSPECVALUES (ID,VALUE,ITEM_ID,SPEC_ID) values (672,'No',448,174);
Insert into ITSTOCK.ITEMSPECVALUES (ID,VALUE,ITEM_ID,SPEC_ID) values (673,'VGA to DVI',448,176);
Insert into ITSTOCK.ITEMSPECVALUES (ID,VALUE,ITEM_ID,SPEC_ID) values (674,'Plug and Play',448,175);
Insert into ITSTOCK.ITEMSPECVALUES (ID,VALUE,ITEM_ID,SPEC_ID) values (714,'DVI - HDMI - VGA',478,171);
Insert into ITSTOCK.ITEMSPECVALUES (ID,VALUE,ITEM_ID,SPEC_ID) values (715,'3',478,169);
Insert into ITSTOCK.ITEMSPECVALUES (ID,VALUE,ITEM_ID,SPEC_ID) values (716,'PCI Express 2.0 x16',478,162);
Insert into ITSTOCK.ITEMSPECVALUES (ID,VALUE,ITEM_ID,SPEC_ID) values (717,'48',478,190);
Insert into ITSTOCK.ITEMSPECVALUES (ID,VALUE,ITEM_ID,SPEC_ID) values (718,'2 GB - DDR3',478,189);
Insert into ITSTOCK.ITEMSPECVALUES (ID,VALUE,ITEM_ID,SPEC_ID) values (724,'DVI - HDMI - VGA',480,171);
Insert into ITSTOCK.ITEMSPECVALUES (ID,VALUE,ITEM_ID,SPEC_ID) values (725,'3',480,169);
Insert into ITSTOCK.ITEMSPECVALUES (ID,VALUE,ITEM_ID,SPEC_ID) values (726,'PCI Express 2.0',480,162);
Insert into ITSTOCK.ITEMSPECVALUES (ID,VALUE,ITEM_ID,SPEC_ID) values (727,'1 GB - DDR5',480,189);
Insert into ITSTOCK.ITEMSPECVALUES (ID,VALUE,ITEM_ID,SPEC_ID) values (728,'DVI - HDMI - VGA',481,171);
Insert into ITSTOCK.ITEMSPECVALUES (ID,VALUE,ITEM_ID,SPEC_ID) values (729,'3',481,169);
Insert into ITSTOCK.ITEMSPECVALUES (ID,VALUE,ITEM_ID,SPEC_ID) values (730,'PCI Express 2.0',481,162);
Insert into ITSTOCK.ITEMSPECVALUES (ID,VALUE,ITEM_ID,SPEC_ID) values (731,'1GB GDDR3',481,189);
Insert into ITSTOCK.ITEMSPECVALUES (ID,VALUE,ITEM_ID,SPEC_ID) values (738,'PCI Express 2.0',483,162);
Insert into ITSTOCK.ITEMSPECVALUES (ID,VALUE,ITEM_ID,SPEC_ID) values (739,'2GB DDR3',483,189);
Insert into ITSTOCK.ITEMSPECVALUES (ID,VALUE,ITEM_ID,SPEC_ID) values (740,'VGA - HDMI - DVI',484,171);
Insert into ITSTOCK.ITEMSPECVALUES (ID,VALUE,ITEM_ID,SPEC_ID) values (741,'3',484,169);
Insert into ITSTOCK.ITEMSPECVALUES (ID,VALUE,ITEM_ID,SPEC_ID) values (742,'PCI Express 2.0',484,162);
Insert into ITSTOCK.ITEMSPECVALUES (ID,VALUE,ITEM_ID,SPEC_ID) values (743,'2GB DDR2',484,189);
Insert into ITSTOCK.ITEMSPECVALUES (ID,VALUE,ITEM_ID,SPEC_ID) values (756,'dms-59 (to dual VGA adapter)',488,171);
Insert into ITSTOCK.ITEMSPECVALUES (ID,VALUE,ITEM_ID,SPEC_ID) values (757,'1',488,169);
Insert into ITSTOCK.ITEMSPECVALUES (ID,VALUE,ITEM_ID,SPEC_ID) values (758,'PCI Express x16',488,162);
Insert into ITSTOCK.ITEMSPECVALUES (ID,VALUE,ITEM_ID,SPEC_ID) values (759,'512 MB',488,189);
Insert into ITSTOCK.ITEMSPECVALUES (ID,VALUE,ITEM_ID,SPEC_ID) values (777,'10',536,169);
Insert into ITSTOCK.ITEMSPECVALUES (ID,VALUE,ITEM_ID,SPEC_ID) values (778,'10x SDI , 1x HDMI',536,171);
Insert into ITSTOCK.ITEMSPECVALUES (ID,VALUE,ITEM_ID,SPEC_ID) values (789,'PCIe x1',544,162);
Insert into ITSTOCK.ITEMSPECVALUES (ID,VALUE,ITEM_ID,SPEC_ID) values (790,'1',544,169);
Insert into ITSTOCK.ITEMSPECVALUES (ID,VALUE,ITEM_ID,SPEC_ID) values (793,'PCIe x1',546,162);
Insert into ITSTOCK.ITEMSPECVALUES (ID,VALUE,ITEM_ID,SPEC_ID) values (794,'1',546,169);
Insert into ITSTOCK.ITEMSPECVALUES (ID,VALUE,ITEM_ID,SPEC_ID) values (795,'PCIe x1',547,162);
Insert into ITSTOCK.ITEMSPECVALUES (ID,VALUE,ITEM_ID,SPEC_ID) values (796,'1',547,169);
Insert into ITSTOCK.ITEMSPECVALUES (ID,VALUE,ITEM_ID,SPEC_ID) values (805,'PCI',552,162);
Insert into ITSTOCK.ITEMSPECVALUES (ID,VALUE,ITEM_ID,SPEC_ID) values (806,'1',552,169);
Insert into ITSTOCK.ITEMSPECVALUES (ID,VALUE,ITEM_ID,SPEC_ID) values (807,'PCI',553,162);
Insert into ITSTOCK.ITEMSPECVALUES (ID,VALUE,ITEM_ID,SPEC_ID) values (808,'1',553,169);
Insert into ITSTOCK.ITEMSPECVALUES (ID,VALUE,ITEM_ID,SPEC_ID) values (811,'50',555,192);
Insert into ITSTOCK.ITEMSPECVALUES (ID,VALUE,ITEM_ID,SPEC_ID) values (817,'50',558,192);
Insert into ITSTOCK.ITEMSPECVALUES (ID,VALUE,ITEM_ID,SPEC_ID) values (818,'4.7 GB',558,167);
Insert into ITSTOCK.ITEMSPECVALUES (ID,VALUE,ITEM_ID,SPEC_ID) values (826,'2 TB',571,167);
Insert into ITSTOCK.ITEMSPECVALUES (ID,VALUE,ITEM_ID,SPEC_ID) values (836,'No',571,174);
Insert into ITSTOCK.ITEMSPECVALUES (ID,VALUE,ITEM_ID,SPEC_ID) values (868,'2 x DisplayPort - 1 x Dual-Link DVI',779,171);
Insert into ITSTOCK.ITEMSPECVALUES (ID,VALUE,ITEM_ID,SPEC_ID) values (869,'3',779,169);
Insert into ITSTOCK.ITEMSPECVALUES (ID,VALUE,ITEM_ID,SPEC_ID) values (870,'PCI-Express 2.1 x16 ',779,162);
Insert into ITSTOCK.ITEMSPECVALUES (ID,VALUE,ITEM_ID,SPEC_ID) values (871,'2GB GDDR5 Memory',779,189);
Insert into ITSTOCK.ITEMSPECVALUES (ID,VALUE,ITEM_ID,SPEC_ID) values (872,'USB',780,171);
Insert into ITSTOCK.ITEMSPECVALUES (ID,VALUE,ITEM_ID,SPEC_ID) values (873,'English-Arabic',780,195);
Insert into ITSTOCK.ITEMSPECVALUES (ID,VALUE,ITEM_ID,SPEC_ID) values (874,'USB',781,171);
Insert into ITSTOCK.ITEMSPECVALUES (ID,VALUE,ITEM_ID,SPEC_ID) values (423,'BNC',80,171);
Insert into ITSTOCK.ITEMSPECVALUES (ID,VALUE,ITEM_ID,SPEC_ID) values (425,'BNC',81,171);
Insert into ITSTOCK.ITEMSPECVALUES (ID,VALUE,ITEM_ID,SPEC_ID) values (401,'2.5 Inch',45,168);
Insert into ITSTOCK.ITEMSPECVALUES (ID,VALUE,ITEM_ID,SPEC_ID) values (402,'500 GB',45,167);
Insert into ITSTOCK.ITEMSPECVALUES (ID,VALUE,ITEM_ID,SPEC_ID) values (390,' No',65,174);
Insert into ITSTOCK.ITEMSPECVALUES (ID,VALUE,ITEM_ID,SPEC_ID) values (426,'7',81,169);
Insert into ITSTOCK.ITEMSPECVALUES (ID,VALUE,ITEM_ID,SPEC_ID) values (453,'USB',110,171);
Insert into ITSTOCK.ITEMSPECVALUES (ID,VALUE,ITEM_ID,SPEC_ID) values (454,'English',110,195);
Insert into ITSTOCK.ITEMSPECVALUES (ID,VALUE,ITEM_ID,SPEC_ID) values (459,'USB',113,171);
Insert into ITSTOCK.ITEMSPECVALUES (ID,VALUE,ITEM_ID,SPEC_ID) values (460,'English',113,195);
Insert into ITSTOCK.ITEMSPECVALUES (ID,VALUE,ITEM_ID,SPEC_ID) values (463,'1280MB',116,189);
Insert into ITSTOCK.ITEMSPECVALUES (ID,VALUE,ITEM_ID,SPEC_ID) values (485,'750VA/450W',136,167);
Insert into ITSTOCK.ITEMSPECVALUES (ID,VALUE,ITEM_ID,SPEC_ID) values (500,'2-Port VGA',155,169);
Insert into ITSTOCK.ITEMSPECVALUES (ID,VALUE,ITEM_ID,SPEC_ID) values (507,'3.5 Inch',164,168);
Insert into ITSTOCK.ITEMSPECVALUES (ID,VALUE,ITEM_ID,SPEC_ID) values (508,'4 TB',164,167);
Insert into ITSTOCK.ITEMSPECVALUES (ID,VALUE,ITEM_ID,SPEC_ID) values (509,'3.5 Inch',165,168);
Insert into ITSTOCK.ITEMSPECVALUES (ID,VALUE,ITEM_ID,SPEC_ID) values (510,'1 TB',165,167);
Insert into ITSTOCK.ITEMSPECVALUES (ID,VALUE,ITEM_ID,SPEC_ID) values (511,'3.5 Inch',166,168);
Insert into ITSTOCK.ITEMSPECVALUES (ID,VALUE,ITEM_ID,SPEC_ID) values (512,'250 GB',166,167);
Insert into ITSTOCK.ITEMSPECVALUES (ID,VALUE,ITEM_ID,SPEC_ID) values (517,'3.5 Inch',169,168);
Insert into ITSTOCK.ITEMSPECVALUES (ID,VALUE,ITEM_ID,SPEC_ID) values (518,'1 TB',169,167);
Insert into ITSTOCK.ITEMSPECVALUES (ID,VALUE,ITEM_ID,SPEC_ID) values (523,'2',172,169);
Insert into ITSTOCK.ITEMSPECVALUES (ID,VALUE,ITEM_ID,SPEC_ID) values (524,'BNC',172,171);
Insert into ITSTOCK.ITEMSPECVALUES (ID,VALUE,ITEM_ID,SPEC_ID) values (527,'2 TB',175,167);
Insert into ITSTOCK.ITEMSPECVALUES (ID,VALUE,ITEM_ID,SPEC_ID) values (532,'SxS',57,209);
Insert into ITSTOCK.ITEMSPECVALUES (ID,VALUE,ITEM_ID,SPEC_ID) values (537,'16 GB',184,167);
Insert into ITSTOCK.ITEMSPECVALUES (ID,VALUE,ITEM_ID,SPEC_ID) values (538,'Display',185,171);
Insert into ITSTOCK.ITEMSPECVALUES (ID,VALUE,ITEM_ID,SPEC_ID) values (539,'256  MB GDDR3 ',185,189);
Insert into ITSTOCK.ITEMSPECVALUES (ID,VALUE,ITEM_ID,SPEC_ID) values (540,'2',185,169);
Insert into ITSTOCK.ITEMSPECVALUES (ID,VALUE,ITEM_ID,SPEC_ID) values (541,'PCI Express',185,162);
Insert into ITSTOCK.ITEMSPECVALUES (ID,VALUE,ITEM_ID,SPEC_ID) values (542,'8',185,190);
Insert into ITSTOCK.ITEMSPECVALUES (ID,VALUE,ITEM_ID,SPEC_ID) values (583,'No',302,174);
Insert into ITSTOCK.ITEMSPECVALUES (ID,VALUE,ITEM_ID,SPEC_ID) values (584,'Plug and Play',302,175);
Insert into ITSTOCK.ITEMSPECVALUES (ID,VALUE,ITEM_ID,SPEC_ID) values (816,'4.7 GB',557,167);
Insert into ITSTOCK.ITEMSPECVALUES (ID,VALUE,ITEM_ID,SPEC_ID) values (824,'USB',563,171);
Insert into ITSTOCK.ITEMSPECVALUES (ID,VALUE,ITEM_ID,SPEC_ID) values (589,'2',305,169);
Insert into ITSTOCK.ITEMSPECVALUES (ID,VALUE,ITEM_ID,SPEC_ID) values (590,'PCI Epress',305,162);
Insert into ITSTOCK.ITEMSPECVALUES (ID,VALUE,ITEM_ID,SPEC_ID) values (597,'No',309,174);
Insert into ITSTOCK.ITEMSPECVALUES (ID,VALUE,ITEM_ID,SPEC_ID) values (598,'Serial to USB',309,176);
Insert into ITSTOCK.ITEMSPECVALUES (ID,VALUE,ITEM_ID,SPEC_ID) values (599,'Plug and Play',309,175);
Insert into ITSTOCK.ITEMSPECVALUES (ID,VALUE,ITEM_ID,SPEC_ID) values (603,'Mini PCI Express',339,162);
Insert into ITSTOCK.ITEMSPECVALUES (ID,VALUE,ITEM_ID,SPEC_ID) values (605,'3 Pin Mini DIN Stereo',404,171);
Insert into ITSTOCK.ITEMSPECVALUES (ID,VALUE,ITEM_ID,SPEC_ID) values (607,'3 Pin Mini DIN Stereo',407,171);
Insert into ITSTOCK.ITEMSPECVALUES (ID,VALUE,ITEM_ID,SPEC_ID) values (610,'1',405,169);
Insert into ITSTOCK.ITEMSPECVALUES (ID,VALUE,ITEM_ID,SPEC_ID) values (619,'2 TB',429,167);
Insert into ITSTOCK.ITEMSPECVALUES (ID,VALUE,ITEM_ID,SPEC_ID) values (620,'1TB',430,167);
Insert into ITSTOCK.ITEMSPECVALUES (ID,VALUE,ITEM_ID,SPEC_ID) values (645,'No',439,174);
Insert into ITSTOCK.ITEMSPECVALUES (ID,VALUE,ITEM_ID,SPEC_ID) values (646,'HDMI to VGA',439,176);
Insert into ITSTOCK.ITEMSPECVALUES (ID,VALUE,ITEM_ID,SPEC_ID) values (647,'Plug and Play',439,175);
Insert into ITSTOCK.ITEMSPECVALUES (ID,VALUE,ITEM_ID,SPEC_ID) values (648,'No',440,174);
Insert into ITSTOCK.ITEMSPECVALUES (ID,VALUE,ITEM_ID,SPEC_ID) values (649,'Display port to HDMI adapter',440,176);
Insert into ITSTOCK.ITEMSPECVALUES (ID,VALUE,ITEM_ID,SPEC_ID) values (650,'Plug and Play',440,175);
Insert into ITSTOCK.ITEMSPECVALUES (ID,VALUE,ITEM_ID,SPEC_ID) values (651,'No',441,174);
Insert into ITSTOCK.ITEMSPECVALUES (ID,VALUE,ITEM_ID,SPEC_ID) values (652,'VGA Splitter',441,176);
Insert into ITSTOCK.ITEMSPECVALUES (ID,VALUE,ITEM_ID,SPEC_ID) values (653,'Plug and Play',441,175);
Insert into ITSTOCK.ITEMSPECVALUES (ID,VALUE,ITEM_ID,SPEC_ID) values (654,'No',442,174);
Insert into ITSTOCK.ITEMSPECVALUES (ID,VALUE,ITEM_ID,SPEC_ID) values (655,'VGA Splitter',442,176);
Insert into ITSTOCK.ITEMSPECVALUES (ID,VALUE,ITEM_ID,SPEC_ID) values (656,'Plug and Play',442,175);
Insert into ITSTOCK.ITEMSPECVALUES (ID,VALUE,ITEM_ID,SPEC_ID) values (675,'No',449,174);
Insert into ITSTOCK.ITEMSPECVALUES (ID,VALUE,ITEM_ID,SPEC_ID) values (676,'VGA to DVI',449,176);
Insert into ITSTOCK.ITEMSPECVALUES (ID,VALUE,ITEM_ID,SPEC_ID) values (677,'Plug and Play',449,175);
Insert into ITSTOCK.ITEMSPECVALUES (ID,VALUE,ITEM_ID,SPEC_ID) values (704,'DVI - HDMI - VGA',476,171);
Insert into ITSTOCK.ITEMSPECVALUES (ID,VALUE,ITEM_ID,SPEC_ID) values (705,'3',476,169);
Insert into ITSTOCK.ITEMSPECVALUES (ID,VALUE,ITEM_ID,SPEC_ID) values (706,'PCI Express 2.0 x16',476,162);
Insert into ITSTOCK.ITEMSPECVALUES (ID,VALUE,ITEM_ID,SPEC_ID) values (707,'48',476,190);
Insert into ITSTOCK.ITEMSPECVALUES (ID,VALUE,ITEM_ID,SPEC_ID) values (708,'2 GB - DDR3',476,189);
Insert into ITSTOCK.ITEMSPECVALUES (ID,VALUE,ITEM_ID,SPEC_ID) values (736,'VGA - HDMI - DVI',483,171);
Insert into ITSTOCK.ITEMSPECVALUES (ID,VALUE,ITEM_ID,SPEC_ID) values (737,'3',483,169);
Insert into ITSTOCK.ITEMSPECVALUES (ID,VALUE,ITEM_ID,SPEC_ID) values (768,'2 TB',491,167);
Insert into ITSTOCK.ITEMSPECVALUES (ID,VALUE,ITEM_ID,SPEC_ID) values (769,'2 TB',492,167);
Insert into ITSTOCK.ITEMSPECVALUES (ID,VALUE,ITEM_ID,SPEC_ID) values (779,'Yes',537,174);
Insert into ITSTOCK.ITEMSPECVALUES (ID,VALUE,ITEM_ID,SPEC_ID) values (780,'From VGA to SDI and VGA loop',537,176);
Insert into ITSTOCK.ITEMSPECVALUES (ID,VALUE,ITEM_ID,SPEC_ID) values (781,'Plug and Play',537,175);
Insert into ITSTOCK.ITEMSPECVALUES (ID,VALUE,ITEM_ID,SPEC_ID) values (815,'50',557,192);
Insert into ITSTOCK.ITEMSPECVALUES (ID,VALUE,ITEM_ID,SPEC_ID) values (828,'No',173,174);
Insert into ITSTOCK.ITEMSPECVALUES (ID,VALUE,ITEM_ID,SPEC_ID) values (831,'No',176,174);
Insert into ITSTOCK.ITEMSPECVALUES (ID,VALUE,ITEM_ID,SPEC_ID) values (834,'No',429,174);
Insert into ITSTOCK.ITEMSPECVALUES (ID,VALUE,ITEM_ID,SPEC_ID) values (835,'No',430,174);
Insert into ITSTOCK.ITEMSPECVALUES (ID,VALUE,ITEM_ID,SPEC_ID) values (839,'Yes',493,174);
Insert into ITSTOCK.ITEMSPECVALUES (ID,VALUE,ITEM_ID,SPEC_ID) values (842,'USB',575,171);
Insert into ITSTOCK.ITEMSPECVALUES (ID,VALUE,ITEM_ID,SPEC_ID) values (843,'English-Arabic',575,195);
Insert into ITSTOCK.ITEMSPECVALUES (ID,VALUE,ITEM_ID,SPEC_ID) values (845,'No',753,174);
Insert into ITSTOCK.ITEMSPECVALUES (ID,VALUE,ITEM_ID,SPEC_ID) values (846,'2 TB',753,167);
Insert into ITSTOCK.ITEMSPECVALUES (ID,VALUE,ITEM_ID,SPEC_ID) values (347,'2.5 Inch',27,168);
Insert into ITSTOCK.ITEMSPECVALUES (ID,VALUE,ITEM_ID,SPEC_ID) values (349,'Unknown',33,162);
Insert into ITSTOCK.ITEMSPECVALUES (ID,VALUE,ITEM_ID,SPEC_ID) values (348,'1 TB',27,167);
Insert into ITSTOCK.ITEMSPECVALUES (ID,VALUE,ITEM_ID,SPEC_ID) values (350,'4',33,169);
Insert into ITSTOCK.ITEMSPECVALUES (ID,VALUE,ITEM_ID,SPEC_ID) values (788,'4',543,169);
Insert into ITSTOCK.ITEMSPECVALUES (ID,VALUE,ITEM_ID,SPEC_ID) values (813,'50',556,192);
Insert into ITSTOCK.ITEMSPECVALUES (ID,VALUE,ITEM_ID,SPEC_ID) values (427,'Yes',84,174);
Insert into ITSTOCK.ITEMSPECVALUES (ID,VALUE,ITEM_ID,SPEC_ID) values (367,'2.5 Inch',44,168);
Insert into ITSTOCK.ITEMSPECVALUES (ID,VALUE,ITEM_ID,SPEC_ID) values (368,'500GB',44,167);
Insert into ITSTOCK.ITEMSPECVALUES (ID,VALUE,ITEM_ID,SPEC_ID) values (428,'DVI to SDI/S-Video',84,176);
Insert into ITSTOCK.ITEMSPECVALUES (ID,VALUE,ITEM_ID,SPEC_ID) values (409,'SDI to Analog',77,176);
Insert into ITSTOCK.ITEMSPECVALUES (ID,VALUE,ITEM_ID,SPEC_ID) values (399,'2.5 Inch',46,168);
Insert into ITSTOCK.ITEMSPECVALUES (ID,VALUE,ITEM_ID,SPEC_ID) values (400,'1 TB',46,167);
Insert into ITSTOCK.ITEMSPECVALUES (ID,VALUE,ITEM_ID,SPEC_ID) values (391,'3.5 Inch',35,168);
Insert into ITSTOCK.ITEMSPECVALUES (ID,VALUE,ITEM_ID,SPEC_ID) values (392,'1 TB',35,167);
Insert into ITSTOCK.ITEMSPECVALUES (ID,VALUE,ITEM_ID,SPEC_ID) values (408,'Yes',77,174);
Insert into ITSTOCK.ITEMSPECVALUES (ID,VALUE,ITEM_ID,SPEC_ID) values (410,'Plug and Play',77,175);
Insert into ITSTOCK.ITEMSPECVALUES (ID,VALUE,ITEM_ID,SPEC_ID) values (429,'Need Driver',84,175);
Insert into ITSTOCK.ITEMSPECVALUES (ID,VALUE,ITEM_ID,SPEC_ID) values (814,'4.7 GB',556,167);
Insert into ITSTOCK.ITEMSPECVALUES (ID,VALUE,ITEM_ID,SPEC_ID) values (434,'1GB',97,189);
Insert into ITSTOCK.ITEMSPECVALUES (ID,VALUE,ITEM_ID,SPEC_ID) values (439,'PS2',103,171);
Insert into ITSTOCK.ITEMSPECVALUES (ID,VALUE,ITEM_ID,SPEC_ID) values (440,'English',103,195);
Insert into ITSTOCK.ITEMSPECVALUES (ID,VALUE,ITEM_ID,SPEC_ID) values (445,'USB',106,171);
Insert into ITSTOCK.ITEMSPECVALUES (ID,VALUE,ITEM_ID,SPEC_ID) values (446,'English-Arabic',106,195);
Insert into ITSTOCK.ITEMSPECVALUES (ID,VALUE,ITEM_ID,SPEC_ID) values (457,'USB',112,171);
Insert into ITSTOCK.ITEMSPECVALUES (ID,VALUE,ITEM_ID,SPEC_ID) values (458,'English',112,195);
Insert into ITSTOCK.ITEMSPECVALUES (ID,VALUE,ITEM_ID,SPEC_ID) values (461,'6 GB GDDR5',115,189);
Insert into ITSTOCK.ITEMSPECVALUES (ID,VALUE,ITEM_ID,SPEC_ID) values (462,'448',115,190);
Insert into ITSTOCK.ITEMSPECVALUES (ID,VALUE,ITEM_ID,SPEC_ID) values (477,'4',128,169);
Insert into ITSTOCK.ITEMSPECVALUES (ID,VALUE,ITEM_ID,SPEC_ID) values (478,'BNC',128,171);
Insert into ITSTOCK.ITEMSPECVALUES (ID,VALUE,ITEM_ID,SPEC_ID) values (479,'4',129,169);
Insert into ITSTOCK.ITEMSPECVALUES (ID,VALUE,ITEM_ID,SPEC_ID) values (480,'BNC',129,171);
Insert into ITSTOCK.ITEMSPECVALUES (ID,VALUE,ITEM_ID,SPEC_ID) values (483,'(VGA to S-Video) (S-Video to VGA)',63,176);
Insert into ITSTOCK.ITEMSPECVALUES (ID,VALUE,ITEM_ID,SPEC_ID) values (486,'2.5 GB AMD Radeon HD 8750',137,150);
Insert into ITSTOCK.ITEMSPECVALUES (ID,VALUE,ITEM_ID,SPEC_ID) values (487,'6 GB',137,151);
Insert into ITSTOCK.ITEMSPECVALUES (ID,VALUE,ITEM_ID,SPEC_ID) values (488,'Window 7 Pro SP1',137,199);
Insert into ITSTOCK.ITEMSPECVALUES (ID,VALUE,ITEM_ID,SPEC_ID) values (489,'i7 (4700MQ) (2.4 GHZ)',137,201);
Insert into ITSTOCK.ITEMSPECVALUES (ID,VALUE,ITEM_ID,SPEC_ID) values (496,'265W',147,202);
Insert into ITSTOCK.ITEMSPECVALUES (ID,VALUE,ITEM_ID,SPEC_ID) values (519,'3.5 Inch',170,168);
Insert into ITSTOCK.ITEMSPECVALUES (ID,VALUE,ITEM_ID,SPEC_ID) values (520,'450 GB',170,167);
Insert into ITSTOCK.ITEMSPECVALUES (ID,VALUE,ITEM_ID,SPEC_ID) values (525,'2 TB',173,167);
Insert into ITSTOCK.ITEMSPECVALUES (ID,VALUE,ITEM_ID,SPEC_ID) values (526,'2 TB',174,167);
Insert into ITSTOCK.ITEMSPECVALUES (ID,VALUE,ITEM_ID,SPEC_ID) values (536,'16 GB',183,167);
Insert into ITSTOCK.ITEMSPECVALUES (ID,VALUE,ITEM_ID,SPEC_ID) values (562,'Win 7 Pro 64Bit SP1',191,199);
Insert into ITSTOCK.ITEMSPECVALUES (ID,VALUE,ITEM_ID,SPEC_ID) values (563,'1 TB',191,152);
Insert into ITSTOCK.ITEMSPECVALUES (ID,VALUE,ITEM_ID,SPEC_ID) values (564,'2.5GB AMD Rdeon HD 8750M',191,150);
Insert into ITSTOCK.ITEMSPECVALUES (ID,VALUE,ITEM_ID,SPEC_ID) values (565,'6 GB',191,151);
Insert into ITSTOCK.ITEMSPECVALUES (ID,VALUE,ITEM_ID,SPEC_ID) values (581,'No',301,174);
Insert into ITSTOCK.ITEMSPECVALUES (ID,VALUE,ITEM_ID,SPEC_ID) values (582,'Plug and Play',301,175);
Insert into ITSTOCK.ITEMSPECVALUES (ID,VALUE,ITEM_ID,SPEC_ID) values (600,'No',336,174);
Insert into ITSTOCK.ITEMSPECVALUES (ID,VALUE,ITEM_ID,SPEC_ID) values (601,'Plug and Play',336,175);
Insert into ITSTOCK.ITEMSPECVALUES (ID,VALUE,ITEM_ID,SPEC_ID) values (604,'Mini PCI Express',340,162);
Insert into ITSTOCK.ITEMSPECVALUES (ID,VALUE,ITEM_ID,SPEC_ID) values (608,'3 Pin Mini DIN Stereo',406,171);
Insert into ITSTOCK.ITEMSPECVALUES (ID,VALUE,ITEM_ID,SPEC_ID) values (611,'1',407,169);
Insert into ITSTOCK.ITEMSPECVALUES (ID,VALUE,ITEM_ID,SPEC_ID) values (612,'1',406,169);
Insert into ITSTOCK.ITEMSPECVALUES (ID,VALUE,ITEM_ID,SPEC_ID) values (614,'Connector ',405,162);
Insert into ITSTOCK.ITEMSPECVALUES (ID,VALUE,ITEM_ID,SPEC_ID) values (617,'Support Sata and IDE',428,162);
Insert into ITSTOCK.ITEMSPECVALUES (ID,VALUE,ITEM_ID,SPEC_ID) values (618,'Printer cable ',428,171);
Insert into ITSTOCK.ITEMSPECVALUES (ID,VALUE,ITEM_ID,SPEC_ID) values (636,'No',436,174);
Insert into ITSTOCK.ITEMSPECVALUES (ID,VALUE,ITEM_ID,SPEC_ID) values (637,'USB to VGA',436,176);
Insert into ITSTOCK.ITEMSPECVALUES (ID,VALUE,ITEM_ID,SPEC_ID) values (638,'Plug and Play',436,175);
Insert into ITSTOCK.ITEMSPECVALUES (ID,VALUE,ITEM_ID,SPEC_ID) values (639,'No',437,174);
Insert into ITSTOCK.ITEMSPECVALUES (ID,VALUE,ITEM_ID,SPEC_ID) values (640,'DVI to VGA',437,176);
Insert into ITSTOCK.ITEMSPECVALUES (ID,VALUE,ITEM_ID,SPEC_ID) values (641,'Plug and Play',437,175);
Insert into ITSTOCK.ITEMSPECVALUES (ID,VALUE,ITEM_ID,SPEC_ID) values (825,'USB',564,171);
Insert into ITSTOCK.ITEMSPECVALUES (ID,VALUE,ITEM_ID,SPEC_ID) values (829,'No',174,174);
Insert into ITSTOCK.ITEMSPECVALUES (ID,VALUE,ITEM_ID,SPEC_ID) values (833,'No',181,174);
Insert into ITSTOCK.ITEMSPECVALUES (ID,VALUE,ITEM_ID,SPEC_ID) values (701,'No',473,174);
Insert into ITSTOCK.ITEMSPECVALUES (ID,VALUE,ITEM_ID,SPEC_ID) values (702,'Display port to HDMI adapter',473,176);
Insert into ITSTOCK.ITEMSPECVALUES (ID,VALUE,ITEM_ID,SPEC_ID) values (703,'Plug and Play',473,175);
Insert into ITSTOCK.ITEMSPECVALUES (ID,VALUE,ITEM_ID,SPEC_ID) values (744,'dms-59 (to dual VGA adapter)',485,171);
Insert into ITSTOCK.ITEMSPECVALUES (ID,VALUE,ITEM_ID,SPEC_ID) values (745,'1',485,169);
Insert into ITSTOCK.ITEMSPECVALUES (ID,VALUE,ITEM_ID,SPEC_ID) values (746,'PCI Express x16',485,162);
Insert into ITSTOCK.ITEMSPECVALUES (ID,VALUE,ITEM_ID,SPEC_ID) values (747,'512 MB',485,189);
Insert into ITSTOCK.ITEMSPECVALUES (ID,VALUE,ITEM_ID,SPEC_ID) values (771,'Win 7 Pro SP1 64-bit',494,199);
Insert into ITSTOCK.ITEMSPECVALUES (ID,VALUE,ITEM_ID,SPEC_ID) values (772,'500 GB',494,152);
Insert into ITSTOCK.ITEMSPECVALUES (ID,VALUE,ITEM_ID,SPEC_ID) values (773,'Core i3-2310M 2.10GHz',494,201);
Insert into ITSTOCK.ITEMSPECVALUES (ID,VALUE,ITEM_ID,SPEC_ID) values (774,'4 GB',494,151);
Insert into ITSTOCK.ITEMSPECVALUES (ID,VALUE,ITEM_ID,SPEC_ID) values (775,'4',535,169);
Insert into ITSTOCK.ITEMSPECVALUES (ID,VALUE,ITEM_ID,SPEC_ID) values (776,'HDMI I/O , SDI I/O',535,171);
Insert into ITSTOCK.ITEMSPECVALUES (ID,VALUE,ITEM_ID,SPEC_ID) values (885,'Windows 7 Professional',873,199);
Insert into ITSTOCK.ITEMSPECVALUES (ID,VALUE,ITEM_ID,SPEC_ID) values (886,'1 TB',873,152);
Insert into ITSTOCK.ITEMSPECVALUES (ID,VALUE,ITEM_ID,SPEC_ID) values (889,'6 GB',873,151);
Insert into ITSTOCK.ITEMSPECVALUES (ID,VALUE,ITEM_ID,SPEC_ID) values (926,'16 GB',914,167);
Insert into ITSTOCK.ITEMSPECVALUES (ID,VALUE,ITEM_ID,SPEC_ID) values (927,'16 GB',915,167);
Insert into ITSTOCK.ITEMSPECVALUES (ID,VALUE,ITEM_ID,SPEC_ID) values (890,'HDMI - LAN - USB2.0 - USB3.0',873,261);
Insert into ITSTOCK.ITEMSPECVALUES (ID,VALUE,ITEM_ID,SPEC_ID) values (893,'USB',875,171);
Insert into ITSTOCK.ITEMSPECVALUES (ID,VALUE,ITEM_ID,SPEC_ID) values (895,'USB',876,171);
Insert into ITSTOCK.ITEMSPECVALUES (ID,VALUE,ITEM_ID,SPEC_ID) values (925,'16 GB',913,167);
REM INSERTING into ITSTOCK.ITEM_CONDITIONS
SET DEFINE OFF;
Insert into ITSTOCK.ITEM_CONDITIONS (ID,NAME) values (5,'Bad');
Insert into ITSTOCK.ITEM_CONDITIONS (ID,NAME) values (1,'Brand New');
Insert into ITSTOCK.ITEM_CONDITIONS (ID,NAME) values (2,'Excellent');
Insert into ITSTOCK.ITEM_CONDITIONS (ID,NAME) values (4,'Good');
Insert into ITSTOCK.ITEM_CONDITIONS (ID,NAME) values (7,'Total Waste');
Insert into ITSTOCK.ITEM_CONDITIONS (ID,NAME) values (8,'Unknown');
Insert into ITSTOCK.ITEM_CONDITIONS (ID,NAME) values (6,'Very Bad');
Insert into ITSTOCK.ITEM_CONDITIONS (ID,NAME) values (3,'Very Good');
REM INSERTING into ITSTOCK.LOCATIONS
SET DEFINE OFF;
Insert into ITSTOCK.LOCATIONS (ID,NAME) values (146,'Broadcast room');
Insert into ITSTOCK.LOCATIONS (ID,NAME) values (181,'Closet 4');
Insert into ITSTOCK.LOCATIONS (ID,NAME) values (184,'Closet 7 ');
Insert into ITSTOCK.LOCATIONS (ID,NAME) values (186,'Closet 10');
Insert into ITSTOCK.LOCATIONS (ID,NAME) values (201,'Splitter, Converters, Display Drawer ');
Insert into ITSTOCK.LOCATIONS (ID,NAME) values (202,'Serial, FireWire Drawer ');
Insert into ITSTOCK.LOCATIONS (ID,NAME) values (221,'VGA Drawer ');
Insert into ITSTOCK.LOCATIONS (ID,NAME) values (183,'Closet 8');
Insert into ITSTOCK.LOCATIONS (ID,NAME) values (151,'News Room');
Insert into ITSTOCK.LOCATIONS (ID,NAME) values (187,'Closet 2');
Insert into ITSTOCK.LOCATIONS (ID,NAME) values (188,'Closet 3');
Insert into ITSTOCK.LOCATIONS (ID,NAME) values (147,'Newsroom');
Insert into ITSTOCK.LOCATIONS (ID,NAME) values (148,'Unknown');
Insert into ITSTOCK.LOCATIONS (ID,NAME) values (142,'Closet 9');
Insert into ITSTOCK.LOCATIONS (ID,NAME) values (143,'Closet 6');
Insert into ITSTOCK.LOCATIONS (ID,NAME) values (189,'Support Room Drawers');
Insert into ITSTOCK.LOCATIONS (ID,NAME) values (153,'Gallery A');
Insert into ITSTOCK.LOCATIONS (ID,NAME) values (222,'HDD Drawer ');
Insert into ITSTOCK.LOCATIONS (ID,NAME) values (141,'Support Room');
Insert into ITSTOCK.LOCATIONS (ID,NAME) values (185,'Closet 5');
REM INSERTING into ITSTOCK.METHODS
SET DEFINE OFF;
Insert into ITSTOCK.METHODS (ID,NAME) values (85,'delete_user');
Insert into ITSTOCK.METHODS (ID,NAME) values (86,'add_remote_location');
Insert into ITSTOCK.METHODS (ID,NAME) values (81,'add_brand');
Insert into ITSTOCK.METHODS (ID,NAME) values (25,'checkout_item');
Insert into ITSTOCK.METHODS (ID,NAME) values (41,'delete_spec');
Insert into ITSTOCK.METHODS (ID,NAME) values (22,'manage_access');
Insert into ITSTOCK.METHODS (ID,NAME) values (6,'search_items');
Insert into ITSTOCK.METHODS (ID,NAME) values (27,'delete_item');
Insert into ITSTOCK.METHODS (ID,NAME) values (42,'update_spec_name');
Insert into ITSTOCK.METHODS (ID,NAME) values (45,'add_access_group');
Insert into ITSTOCK.METHODS (ID,NAME) values (19,'search_records');
Insert into ITSTOCK.METHODS (ID,NAME) values (21,'add_item');
Insert into ITSTOCK.METHODS (ID,NAME) values (3,'delete_record');
Insert into ITSTOCK.METHODS (ID,NAME) values (24,'edit_receipt');
Insert into ITSTOCK.METHODS (ID,NAME) values (44,'add_spec_to_type');
Insert into ITSTOCK.METHODS (ID,NAME) values (46,'reset_password');
Insert into ITSTOCK.METHODS (ID,NAME) values (47,'return_item');
Insert into ITSTOCK.METHODS (ID,NAME) values (48,'return_record');
Insert into ITSTOCK.METHODS (ID,NAME) values (28,'edit_item');
Insert into ITSTOCK.METHODS (ID,NAME) values (43,'update_type_name');
Insert into ITSTOCK.METHODS (ID,NAME) values (49,'return_receipt');
Insert into ITSTOCK.METHODS (ID,NAME) values (29,'add_new_specs_to_item');
Insert into ITSTOCK.METHODS (ID,NAME) values (23,'view_logs');
Insert into ITSTOCK.METHODS (ID,NAME) values (61,'update_brand_name');
Insert into ITSTOCK.METHODS (ID,NAME) values (26,'view_items_hq');
Insert into ITSTOCK.METHODS (ID,NAME) values (62,'update_location_name');
Insert into ITSTOCK.METHODS (ID,NAME) values (82,'add_client');
Insert into ITSTOCK.METHODS (ID,NAME) values (83,'add_location');
Insert into ITSTOCK.METHODS (ID,NAME) values (84,'add_type');
REM INSERTING into ITSTOCK.RECEIPTS
SET DEFINE OFF;
Insert into ITSTOCK.RECEIPTS (ID,CLIENT_ID,NOTES,STATUS,COUNTRY,RECEIVER_ID) values (566,282,'This receipt includes 2 headsets but all the headsets on the system were unavailable
+ LTE 3289
+ LTE 4481
','1','Iran',282);
Insert into ITSTOCK.RECEIPTS (ID,CLIENT_ID,NOTES,STATUS,COUNTRY,RECEIVER_ID) values (589,181,null,'1','France',301);
Insert into ITSTOCK.RECEIPTS (ID,CLIENT_ID,NOTES,STATUS,COUNTRY,RECEIVER_ID) values (607,321,null,'0','Lebanon',321);
Insert into ITSTOCK.RECEIPTS (ID,CLIENT_ID,NOTES,STATUS,COUNTRY,RECEIVER_ID) values (608,321,null,'1','Lebanon',321);
Insert into ITSTOCK.RECEIPTS (ID,CLIENT_ID,NOTES,STATUS,COUNTRY,RECEIVER_ID) values (667,362,null,'0','HQ',362);
Insert into ITSTOCK.RECEIPTS (ID,CLIENT_ID,NOTES,STATUS,COUNTRY,RECEIVER_ID) values (586,301,null,'0','Lebanon',301);
Insert into ITSTOCK.RECEIPTS (ID,CLIENT_ID,NOTES,STATUS,COUNTRY,RECEIVER_ID) values (587,303,null,'0','Lebanon',302);
Insert into ITSTOCK.RECEIPTS (ID,CLIENT_ID,NOTES,STATUS,COUNTRY,RECEIVER_ID) values (588,243,null,'1','Bosnia',122);
Insert into ITSTOCK.RECEIPTS (ID,CLIENT_ID,NOTES,STATUS,COUNTRY,RECEIVER_ID) values (666,361,null,'0','Venezuela
',361);
Insert into ITSTOCK.RECEIPTS (ID,CLIENT_ID,NOTES,STATUS,COUNTRY,RECEIVER_ID) values (363,122,null,'0','Syria',122);
Insert into ITSTOCK.RECEIPTS (ID,CLIENT_ID,NOTES,STATUS,COUNTRY,RECEIVER_ID) values (382,142,null,'1','Spain',142);
Insert into ITSTOCK.RECEIPTS (ID,CLIENT_ID,NOTES,STATUS,COUNTRY,RECEIVER_ID) values (401,142,null,'1','Lebanon',142);
Insert into ITSTOCK.RECEIPTS (ID,CLIENT_ID,NOTES,STATUS,COUNTRY,RECEIVER_ID) values (441,161,null,'1','Lebanon',161);
Insert into ITSTOCK.RECEIPTS (ID,CLIENT_ID,NOTES,STATUS,COUNTRY,RECEIVER_ID) values (442,161,null,'1','Lebanon',161);
Insert into ITSTOCK.RECEIPTS (ID,CLIENT_ID,NOTES,STATUS,COUNTRY,RECEIVER_ID) values (529,262,null,'0','Lebanon',262);
Insert into ITSTOCK.RECEIPTS (ID,CLIENT_ID,NOTES,STATUS,COUNTRY,RECEIVER_ID) values (510,242,null,'0','Lebanon',242);
Insert into ITSTOCK.RECEIPTS (ID,CLIENT_ID,NOTES,STATUS,COUNTRY,RECEIVER_ID) values (474,162,'Coral Beach - Lo3bat Omam','1','Lebanon',162);
Insert into ITSTOCK.RECEIPTS (ID,CLIENT_ID,NOTES,STATUS,COUNTRY,RECEIVER_ID) values (526,261,null,'1','Lebanon',261);
Insert into ITSTOCK.RECEIPTS (ID,CLIENT_ID,NOTES,STATUS,COUNTRY,RECEIVER_ID) values (532,265,null,'1','Iran',266);
Insert into ITSTOCK.RECEIPTS (ID,CLIENT_ID,NOTES,STATUS,COUNTRY,RECEIVER_ID) values (362,121,null,'1','Syria',121);
Insert into ITSTOCK.RECEIPTS (ID,CLIENT_ID,NOTES,STATUS,COUNTRY,RECEIVER_ID) values (451,182,null,'1','Lebanon',182);
Insert into ITSTOCK.RECEIPTS (ID,CLIENT_ID,NOTES,STATUS,COUNTRY,RECEIVER_ID) values (449,181,null,'0','Lebanon',181);
Insert into ITSTOCK.RECEIPTS (ID,CLIENT_ID,NOTES,STATUS,COUNTRY,RECEIVER_ID) values (450,182,null,'1','Lebanon',182);
Insert into ITSTOCK.RECEIPTS (ID,CLIENT_ID,NOTES,STATUS,COUNTRY,RECEIVER_ID) values (488,204,'test','1','Ukraine',204);
Insert into ITSTOCK.RECEIPTS (ID,CLIENT_ID,NOTES,STATUS,COUNTRY,RECEIVER_ID) values (489,204,'test','1','Ukraine',204);
Insert into ITSTOCK.RECEIPTS (ID,CLIENT_ID,NOTES,STATUS,COUNTRY,RECEIVER_ID) values (531,201,null,'0','Lebanon',201);
Insert into ITSTOCK.RECEIPTS (ID,CLIENT_ID,NOTES,STATUS,COUNTRY,RECEIVER_ID) values (547,281,null,'0','Lebanon',281);
Insert into ITSTOCK.RECEIPTS (ID,CLIENT_ID,NOTES,STATUS,COUNTRY,RECEIVER_ID) values (473,201,null,'1','Lebanon',201);
Insert into ITSTOCK.RECEIPTS (ID,CLIENT_ID,NOTES,STATUS,COUNTRY,RECEIVER_ID) values (475,202,null,'1','Lebanon',202);
Insert into ITSTOCK.RECEIPTS (ID,CLIENT_ID,NOTES,STATUS,COUNTRY,RECEIVER_ID) values (422,142,null,'1','Bosnia',121);
Insert into ITSTOCK.RECEIPTS (ID,CLIENT_ID,NOTES,STATUS,COUNTRY,RECEIVER_ID) values (444,162,null,'1','Syria',162);
Insert into ITSTOCK.RECEIPTS (ID,CLIENT_ID,NOTES,STATUS,COUNTRY,RECEIVER_ID) values (445,163,null,'0','Lebanon',163);
Insert into ITSTOCK.RECEIPTS (ID,CLIENT_ID,NOTES,STATUS,COUNTRY,RECEIVER_ID) values (446,164,'The harddisk will be used for Min Al Dakhel program and will be kept in the Archive Dept. for a month','0','Lebanon',164);
Insert into ITSTOCK.RECEIPTS (ID,CLIENT_ID,NOTES,STATUS,COUNTRY,RECEIVER_ID) values (447,165,'Will be returned? NO
for Graphics 8','0','Lebanon',165);
Insert into ITSTOCK.RECEIPTS (ID,CLIENT_ID,NOTES,STATUS,COUNTRY,RECEIVER_ID) values (361,121,null,'1','Syria',121);
Insert into ITSTOCK.RECEIPTS (ID,CLIENT_ID,NOTES,STATUS,COUNTRY,RECEIVER_ID) values (383,141,null,'1','Lebanon',141);
Insert into ITSTOCK.RECEIPTS (ID,CLIENT_ID,NOTES,STATUS,COUNTRY,RECEIVER_ID) values (448,165,null,'0','Lebanon',165);
Insert into ITSTOCK.RECEIPTS (ID,CLIENT_ID,NOTES,STATUS,COUNTRY,RECEIVER_ID) values (461,141,null,'1','Lebanon',141);
Insert into ITSTOCK.RECEIPTS (ID,CLIENT_ID,NOTES,STATUS,COUNTRY,RECEIVER_ID) values (483,121,'Nadwa 5assa needs','1','Lebanon',121);
Insert into ITSTOCK.RECEIPTS (ID,CLIENT_ID,NOTES,STATUS,COUNTRY,RECEIVER_ID) values (486,221,'A headset to replace the broken IT5 headset','0','Lebanon',221);
Insert into ITSTOCK.RECEIPTS (ID,CLIENT_ID,NOTES,STATUS,COUNTRY,RECEIVER_ID) values (528,262,null,'1','Lebanon',262);
Insert into ITSTOCK.RECEIPTS (ID,CLIENT_ID,NOTES,STATUS,COUNTRY,RECEIVER_ID) values (381,141,null,'1','Lebanon',141);
Insert into ITSTOCK.RECEIPTS (ID,CLIENT_ID,NOTES,STATUS,COUNTRY,RECEIVER_ID) values (421,122,null,'1','Germany',122);
Insert into ITSTOCK.RECEIPTS (ID,CLIENT_ID,NOTES,STATUS,COUNTRY,RECEIVER_ID) values (452,183,null,'0','Iraq',183);
Insert into ITSTOCK.RECEIPTS (ID,CLIENT_ID,NOTES,STATUS,COUNTRY,RECEIVER_ID) values (476,203,null,'0','Lebanon',204);
Insert into ITSTOCK.RECEIPTS (ID,CLIENT_ID,NOTES,STATUS,COUNTRY,RECEIVER_ID) values (511,243,null,'0','Lebanon',243);
Insert into ITSTOCK.RECEIPTS (ID,CLIENT_ID,NOTES,STATUS,COUNTRY,RECEIVER_ID) values (487,222,null,'1','Lebanon',222);
Insert into ITSTOCK.RECEIPTS (ID,CLIENT_ID,NOTES,STATUS,COUNTRY,RECEIVER_ID) values (490,223,null,'0','Lebanon',223);
Insert into ITSTOCK.RECEIPTS (ID,CLIENT_ID,NOTES,STATUS,COUNTRY,RECEIVER_ID) values (527,262,null,'1','Lebanon',263);
Insert into ITSTOCK.RECEIPTS (ID,CLIENT_ID,NOTES,STATUS,COUNTRY,RECEIVER_ID) values (530,264,'Jnoub','1','Lebanon',264);
Insert into ITSTOCK.RECEIPTS (ID,CLIENT_ID,NOTES,STATUS,COUNTRY,RECEIVER_ID) values (549,283,'IT-SUPPORT-11 + HEADSET ','1','Iran',283);
Insert into ITSTOCK.RECEIPTS (ID,CLIENT_ID,NOTES,STATUS,COUNTRY,RECEIVER_ID) values (478,182,null,'0','Syria',205);
Insert into ITSTOCK.RECEIPTS (ID,CLIENT_ID,NOTES,STATUS,COUNTRY,RECEIVER_ID) values (479,201,null,'0','Lebanon',201);
Insert into ITSTOCK.RECEIPTS (ID,CLIENT_ID,NOTES,STATUS,COUNTRY,RECEIVER_ID) values (506,241,null,'1','Lebanon',241);
Insert into ITSTOCK.RECEIPTS (ID,CLIENT_ID,NOTES,STATUS,COUNTRY,RECEIVER_ID) values (546,281,null,'0','Lebanon',281);
Insert into ITSTOCK.RECEIPTS (ID,CLIENT_ID,NOTES,STATUS,COUNTRY,RECEIVER_ID) values (548,282,'IT-LAPTOP-10  +  HEADSET ','1','Iran',282);
Insert into ITSTOCK.RECEIPTS (ID,CLIENT_ID,NOTES,STATUS,COUNTRY,RECEIVER_ID) values (609,141,null,'1','Lebanon',141);
Insert into ITSTOCK.RECEIPTS (ID,CLIENT_ID,NOTES,STATUS,COUNTRY,RECEIVER_ID) values (687,281,'test','0','Venezuela',281);
Insert into ITSTOCK.RECEIPTS (ID,CLIENT_ID,NOTES,STATUS,COUNTRY,RECEIVER_ID) values (591,304,'For quicklink','0','Lebanon',305);
Insert into ITSTOCK.RECEIPTS (ID,CLIENT_ID,NOTES,STATUS,COUNTRY,RECEIVER_ID) values (590,301,null,'1','Germany',301);
Insert into ITSTOCK.RECEIPTS (ID,CLIENT_ID,NOTES,STATUS,COUNTRY,RECEIVER_ID) values (593,282,'linked to receipt 566','1','Iran',282);
Insert into ITSTOCK.RECEIPTS (ID,CLIENT_ID,NOTES,STATUS,COUNTRY,RECEIVER_ID) values (647,264,null,'1','Lebanon',264);
Insert into ITSTOCK.RECEIPTS (ID,CLIENT_ID,NOTES,STATUS,COUNTRY,RECEIVER_ID) values (668,362,null,'0','HQ',362);
Insert into ITSTOCK.RECEIPTS (ID,CLIENT_ID,NOTES,STATUS,COUNTRY,RECEIVER_ID) values (686,341,null,'0','Lebanon',341);
Insert into ITSTOCK.RECEIPTS (ID,CLIENT_ID,NOTES,STATUS,COUNTRY,RECEIVER_ID) values (592,282,'linked to receipt 566','1','Iran',282);
Insert into ITSTOCK.RECEIPTS (ID,CLIENT_ID,NOTES,STATUS,COUNTRY,RECEIVER_ID) values (610,302,'delete me','1','Ukraine',302);
Insert into ITSTOCK.RECEIPTS (ID,CLIENT_ID,NOTES,STATUS,COUNTRY,RECEIVER_ID) values (626,261,null,'1','Lebanon',201);
Insert into ITSTOCK.RECEIPTS (ID,CLIENT_ID,NOTES,STATUS,COUNTRY,RECEIVER_ID) values (646,341,null,'0','Syria',341);
REM INSERTING into ITSTOCK.RECORDS
SET DEFINE OFF;
Insert into ITSTOCK.RECORDS (ID,RETURN_DATETIME,BORROW_DATETIME,ADMIN_CHECKER_ID,ADMIN_RECEIVER_ID,CLIENT_BORROWER_ID,CLIENT_RETURNER_ID,RECEIPT_ID,ITEM_ID,DELETED,EXPECTED_DATE,NOTES,RETURNING) values (668,to_timestamp('15-MAY-17 11.34.05.000000000 AM','DD-MON-RR HH.MI.SSXFF AM'),to_timestamp('14-MAY-17 03.32.43.000000000 AM','DD-MON-RR HH.MI.SSXFF AM'),1,61,282,282,566,139,'0',to_date('28-MAY-17','DD-MON-RR'),null,1);
Insert into ITSTOCK.RECORDS (ID,RETURN_DATETIME,BORROW_DATETIME,ADMIN_CHECKER_ID,ADMIN_RECEIVER_ID,CLIENT_BORROWER_ID,CLIENT_RETURNER_ID,RECEIPT_ID,ITEM_ID,DELETED,EXPECTED_DATE,NOTES,RETURNING) values (669,to_timestamp('22-MAY-17 01.17.57.000000000 PM','DD-MON-RR HH.MI.SSXFF AM'),to_timestamp('14-MAY-17 03.32.43.000000000 AM','DD-MON-RR HH.MI.SSXFF AM'),1,61,282,282,566,140,'0',to_date('28-MAY-17','DD-MON-RR'),null,1);
Insert into ITSTOCK.RECORDS (ID,RETURN_DATETIME,BORROW_DATETIME,ADMIN_CHECKER_ID,ADMIN_RECEIVER_ID,CLIENT_BORROWER_ID,CLIENT_RETURNER_ID,RECEIPT_ID,ITEM_ID,DELETED,EXPECTED_DATE,NOTES,RETURNING) values (670,to_timestamp('22-MAY-17 01.17.25.000000000 PM','DD-MON-RR HH.MI.SSXFF AM'),to_timestamp('14-MAY-17 03.32.43.000000000 AM','DD-MON-RR HH.MI.SSXFF AM'),1,61,282,282,566,561,'0',to_date('28-MAY-17','DD-MON-RR'),null,1);
Insert into ITSTOCK.RECORDS (ID,RETURN_DATETIME,BORROW_DATETIME,ADMIN_CHECKER_ID,ADMIN_RECEIVER_ID,CLIENT_BORROWER_ID,CLIENT_RETURNER_ID,RECEIPT_ID,ITEM_ID,DELETED,EXPECTED_DATE,NOTES,RETURNING) values (671,to_timestamp('22-MAY-17 01.16.24.000000000 PM','DD-MON-RR HH.MI.SSXFF AM'),to_timestamp('14-MAY-17 03.32.43.000000000 AM','DD-MON-RR HH.MI.SSXFF AM'),1,61,282,282,566,562,'0',to_date('28-MAY-17','DD-MON-RR'),null,1);
Insert into ITSTOCK.RECORDS (ID,RETURN_DATETIME,BORROW_DATETIME,ADMIN_CHECKER_ID,ADMIN_RECEIVER_ID,CLIENT_BORROWER_ID,CLIENT_RETURNER_ID,RECEIPT_ID,ITEM_ID,DELETED,EXPECTED_DATE,NOTES,RETURNING) values (672,to_timestamp('22-MAY-17 01.16.34.000000000 PM','DD-MON-RR HH.MI.SSXFF AM'),to_timestamp('14-MAY-17 03.32.43.000000000 AM','DD-MON-RR HH.MI.SSXFF AM'),1,61,282,282,566,174,'0',to_date('28-MAY-17','DD-MON-RR'),null,1);
Insert into ITSTOCK.RECORDS (ID,RETURN_DATETIME,BORROW_DATETIME,ADMIN_CHECKER_ID,ADMIN_RECEIVER_ID,CLIENT_BORROWER_ID,CLIENT_RETURNER_ID,RECEIPT_ID,ITEM_ID,DELETED,EXPECTED_DATE,NOTES,RETURNING) values (673,to_timestamp('22-MAY-17 01.22.26.000000000 PM','DD-MON-RR HH.MI.SSXFF AM'),to_timestamp('14-MAY-17 03.32.43.000000000 AM','DD-MON-RR HH.MI.SSXFF AM'),1,61,282,282,566,177,'0',to_date('28-MAY-17','DD-MON-RR'),null,1);
Insert into ITSTOCK.RECORDS (ID,RETURN_DATETIME,BORROW_DATETIME,ADMIN_CHECKER_ID,ADMIN_RECEIVER_ID,CLIENT_BORROWER_ID,CLIENT_RETURNER_ID,RECEIPT_ID,ITEM_ID,DELETED,EXPECTED_DATE,NOTES,RETURNING) values (692,to_timestamp('15-MAY-17 10.35.25.000000000 AM','DD-MON-RR HH.MI.SSXFF AM'),to_timestamp('15-MAY-17 10.32.25.000000000 AM','DD-MON-RR HH.MI.SSXFF AM'),45,45,181,181,589,868,'0',to_date('17-MAY-17','DD-MON-RR'),null,1);
Insert into ITSTOCK.RECORDS (ID,RETURN_DATETIME,BORROW_DATETIME,ADMIN_CHECKER_ID,ADMIN_RECEIVER_ID,CLIENT_BORROWER_ID,CLIENT_RETURNER_ID,RECEIPT_ID,ITEM_ID,DELETED,EXPECTED_DATE,NOTES,RETURNING) values (693,to_timestamp('15-MAY-17 10.35.25.000000000 AM','DD-MON-RR HH.MI.SSXFF AM'),to_timestamp('15-MAY-17 10.32.25.000000000 AM','DD-MON-RR HH.MI.SSXFF AM'),45,45,181,181,589,869,'0',to_date('17-MAY-17','DD-MON-RR'),null,1);
Insert into ITSTOCK.RECORDS (ID,RETURN_DATETIME,BORROW_DATETIME,ADMIN_CHECKER_ID,ADMIN_RECEIVER_ID,CLIENT_BORROWER_ID,CLIENT_RETURNER_ID,RECEIPT_ID,ITEM_ID,DELETED,EXPECTED_DATE,NOTES,RETURNING) values (711,to_timestamp('17-MAY-17 02.36.08.000000000 PM','DD-MON-RR HH.MI.SSXFF AM'),to_timestamp('17-MAY-17 01.29.13.000000000 AM','DD-MON-RR HH.MI.SSXFF AM'),84,84,321,321,608,430,'0',to_date('17-MAY-17','DD-MON-RR'),null,1);
Insert into ITSTOCK.RECORDS (ID,RETURN_DATETIME,BORROW_DATETIME,ADMIN_CHECKER_ID,ADMIN_RECEIVER_ID,CLIENT_BORROWER_ID,CLIENT_RETURNER_ID,RECEIPT_ID,ITEM_ID,DELETED,EXPECTED_DATE,NOTES,RETURNING) values (688,null,to_timestamp('15-MAY-17 10.23.11.000000000 AM','DD-MON-RR HH.MI.SSXFF AM'),61,null,301,null,586,845,'0',null,'Graphics news',0);
Insert into ITSTOCK.RECORDS (ID,RETURN_DATETIME,BORROW_DATETIME,ADMIN_CHECKER_ID,ADMIN_RECEIVER_ID,CLIENT_BORROWER_ID,CLIENT_RETURNER_ID,RECEIPT_ID,ITEM_ID,DELETED,EXPECTED_DATE,NOTES,RETURNING) values (689,null,to_timestamp('15-MAY-17 10.26.45.000000000 AM','DD-MON-RR HH.MI.SSXFF AM'),61,null,303,null,587,846,'0',null,null,0);
Insert into ITSTOCK.RECORDS (ID,RETURN_DATETIME,BORROW_DATETIME,ADMIN_CHECKER_ID,ADMIN_RECEIVER_ID,CLIENT_BORROWER_ID,CLIENT_RETURNER_ID,RECEIPT_ID,ITEM_ID,DELETED,EXPECTED_DATE,NOTES,RETURNING) values (690,to_timestamp('15-MAY-17 10.35.32.000000000 AM','DD-MON-RR HH.MI.SSXFF AM'),to_timestamp('15-MAY-17 10.29.04.000000000 AM','DD-MON-RR HH.MI.SSXFF AM'),45,45,243,243,588,866,'0',to_date('19-MAY-17','DD-MON-RR'),null,1);
Insert into ITSTOCK.RECORDS (ID,RETURN_DATETIME,BORROW_DATETIME,ADMIN_CHECKER_ID,ADMIN_RECEIVER_ID,CLIENT_BORROWER_ID,CLIENT_RETURNER_ID,RECEIPT_ID,ITEM_ID,DELETED,EXPECTED_DATE,NOTES,RETURNING) values (691,to_timestamp('15-MAY-17 10.35.33.000000000 AM','DD-MON-RR HH.MI.SSXFF AM'),to_timestamp('15-MAY-17 10.29.04.000000000 AM','DD-MON-RR HH.MI.SSXFF AM'),45,45,243,243,588,867,'0',to_date('19-MAY-17','DD-MON-RR'),null,1);
Insert into ITSTOCK.RECORDS (ID,RETURN_DATETIME,BORROW_DATETIME,ADMIN_CHECKER_ID,ADMIN_RECEIVER_ID,CLIENT_BORROWER_ID,CLIENT_RETURNER_ID,RECEIPT_ID,ITEM_ID,DELETED,EXPECTED_DATE,NOTES,RETURNING) values (768,null,to_timestamp('23-MAY-17 12.08.50.000000000 PM','DD-MON-RR HH.MI.SSXFF AM'),141,null,361,null,666,174,'0',null,null,1);
Insert into ITSTOCK.RECORDS (ID,RETURN_DATETIME,BORROW_DATETIME,ADMIN_CHECKER_ID,ADMIN_RECEIVER_ID,CLIENT_BORROWER_ID,CLIENT_RETURNER_ID,RECEIPT_ID,ITEM_ID,DELETED,EXPECTED_DATE,NOTES,RETURNING) values (463,null,to_timestamp('10-APR-17 10.28.31.000000000 AM','DD-MON-RR HH.MI.SSXFF AM'),45,null,122,null,363,175,'0',to_date('17-APR-17','DD-MON-RR'),null,1);
Insert into ITSTOCK.RECORDS (ID,RETURN_DATETIME,BORROW_DATETIME,ADMIN_CHECKER_ID,ADMIN_RECEIVER_ID,CLIENT_BORROWER_ID,CLIENT_RETURNER_ID,RECEIPT_ID,ITEM_ID,DELETED,EXPECTED_DATE,NOTES,RETURNING) values (482,to_timestamp('25-APR-17 11.10.50.000000000 AM','DD-MON-RR HH.MI.SSXFF AM'),to_timestamp('13-APR-17 03.10.25.000000000 AM','DD-MON-RR HH.MI.SSXFF AM'),61,61,142,142,382,192,'1',to_date('25-APR-17','DD-MON-RR'),null,1);
Insert into ITSTOCK.RECORDS (ID,RETURN_DATETIME,BORROW_DATETIME,ADMIN_CHECKER_ID,ADMIN_RECEIVER_ID,CLIENT_BORROWER_ID,CLIENT_RETURNER_ID,RECEIPT_ID,ITEM_ID,DELETED,EXPECTED_DATE,NOTES,RETURNING) values (483,to_timestamp('25-APR-17 11.10.52.000000000 AM','DD-MON-RR HH.MI.SSXFF AM'),to_timestamp('13-APR-17 03.10.25.000000000 AM','DD-MON-RR HH.MI.SSXFF AM'),61,61,142,142,382,191,'0',to_date('25-APR-17','DD-MON-RR'),null,1);
Insert into ITSTOCK.RECORDS (ID,RETURN_DATETIME,BORROW_DATETIME,ADMIN_CHECKER_ID,ADMIN_RECEIVER_ID,CLIENT_BORROWER_ID,CLIENT_RETURNER_ID,RECEIPT_ID,ITEM_ID,DELETED,EXPECTED_DATE,NOTES,RETURNING) values (484,to_timestamp('25-APR-17 11.10.54.000000000 AM','DD-MON-RR HH.MI.SSXFF AM'),to_timestamp('13-APR-17 03.10.25.000000000 AM','DD-MON-RR HH.MI.SSXFF AM'),61,61,142,142,382,176,'0',to_date('25-APR-17','DD-MON-RR'),null,1);
Insert into ITSTOCK.RECORDS (ID,RETURN_DATETIME,BORROW_DATETIME,ADMIN_CHECKER_ID,ADMIN_RECEIVER_ID,CLIENT_BORROWER_ID,CLIENT_RETURNER_ID,RECEIPT_ID,ITEM_ID,DELETED,EXPECTED_DATE,NOTES,RETURNING) values (542,to_timestamp('17-APR-17 01.26.44.000000000 PM','DD-MON-RR HH.MI.SSXFF AM'),to_timestamp('17-APR-17 12.52.18.000000000 PM','DD-MON-RR HH.MI.SSXFF AM'),61,61,161,161,442,184,'0',to_date('17-APR-17','DD-MON-RR'),'NBN TV',1);
Insert into ITSTOCK.RECORDS (ID,RETURN_DATETIME,BORROW_DATETIME,ADMIN_CHECKER_ID,ADMIN_RECEIVER_ID,CLIENT_BORROWER_ID,CLIENT_RETURNER_ID,RECEIPT_ID,ITEM_ID,DELETED,EXPECTED_DATE,NOTES,RETURNING) values (631,null,to_timestamp('11-MAY-17 12.56.23.000000000 PM','DD-MON-RR HH.MI.SSXFF AM'),61,null,262,null,529,575,'0',null,null,0);
Insert into ITSTOCK.RECORDS (ID,RETURN_DATETIME,BORROW_DATETIME,ADMIN_CHECKER_ID,ADMIN_RECEIVER_ID,CLIENT_BORROWER_ID,CLIENT_RETURNER_ID,RECEIPT_ID,ITEM_ID,DELETED,EXPECTED_DATE,NOTES,RETURNING) values (618,null,to_timestamp('09-MAY-17 10.14.49.000000000 AM','DD-MON-RR HH.MI.SSXFF AM'),84,null,242,null,510,568,'0',null,null,0);
Insert into ITSTOCK.RECORDS (ID,RETURN_DATETIME,BORROW_DATETIME,ADMIN_CHECKER_ID,ADMIN_RECEIVER_ID,CLIENT_BORROWER_ID,CLIENT_RETURNER_ID,RECEIPT_ID,ITEM_ID,DELETED,EXPECTED_DATE,NOTES,RETURNING) values (574,to_timestamp('27-APR-17 01.21.57.000000000 PM','DD-MON-RR HH.MI.SSXFF AM'),to_timestamp('26-APR-17 03.29.40.000000000 AM','DD-MON-RR HH.MI.SSXFF AM'),45,45,162,162,474,183,'0',to_date('26-APR-17','DD-MON-RR'),null,1);
Insert into ITSTOCK.RECORDS (ID,RETURN_DATETIME,BORROW_DATETIME,ADMIN_CHECKER_ID,ADMIN_RECEIVER_ID,CLIENT_BORROWER_ID,CLIENT_RETURNER_ID,RECEIPT_ID,ITEM_ID,DELETED,EXPECTED_DATE,NOTES,RETURNING) values (628,to_timestamp('16-MAY-17 12.34.56.000000000 PM','DD-MON-RR HH.MI.SSXFF AM'),to_timestamp('11-MAY-17 12.25.15.000000000 PM','DD-MON-RR HH.MI.SSXFF AM'),63,63,261,261,526,182,'0',to_date('11-MAY-17','DD-MON-RR'),null,1);
Insert into ITSTOCK.RECORDS (ID,RETURN_DATETIME,BORROW_DATETIME,ADMIN_CHECKER_ID,ADMIN_RECEIVER_ID,CLIENT_BORROWER_ID,CLIENT_RETURNER_ID,RECEIPT_ID,ITEM_ID,DELETED,EXPECTED_DATE,NOTES,RETURNING) values (635,to_timestamp('25-MAY-17 01.17.33.000000000 PM','DD-MON-RR HH.MI.SSXFF AM'),to_timestamp('12-MAY-17 02.44.17.000000000 AM','DD-MON-RR HH.MI.SSXFF AM'),141,84,265,265,532,138,'0',to_date('15-MAY-17','DD-MON-RR'),null,1);
Insert into ITSTOCK.RECORDS (ID,RETURN_DATETIME,BORROW_DATETIME,ADMIN_CHECKER_ID,ADMIN_RECEIVER_ID,CLIENT_BORROWER_ID,CLIENT_RETURNER_ID,RECEIPT_ID,ITEM_ID,DELETED,EXPECTED_DATE,NOTES,RETURNING) values (462,to_timestamp('12-APR-17 05.06.00.000000000 PM','DD-MON-RR HH.MI.SSXFF AM'),to_timestamp('09-APR-17 03.31.58.000000000 AM','DD-MON-RR HH.MI.SSXFF AM'),61,61,121,121,362,1,'0',null,null,1);
Insert into ITSTOCK.RECORDS (ID,RETURN_DATETIME,BORROW_DATETIME,ADMIN_CHECKER_ID,ADMIN_RECEIVER_ID,CLIENT_BORROWER_ID,CLIENT_RETURNER_ID,RECEIPT_ID,ITEM_ID,DELETED,EXPECTED_DATE,NOTES,RETURNING) values (550,to_timestamp('21-APR-17 11.29.32.000000000 PM','DD-MON-RR HH.MI.SSXFF AM'),to_timestamp('21-APR-17 03.38.28.000000000 AM','DD-MON-RR HH.MI.SSXFF AM'),61,45,182,182,451,173,'0',to_date('21-APR-17','DD-MON-RR'),null,1);
Insert into ITSTOCK.RECORDS (ID,RETURN_DATETIME,BORROW_DATETIME,ADMIN_CHECKER_ID,ADMIN_RECEIVER_ID,CLIENT_BORROWER_ID,CLIENT_RETURNER_ID,RECEIPT_ID,ITEM_ID,DELETED,EXPECTED_DATE,NOTES,RETURNING) values (548,null,to_timestamp('19-APR-17 10.07.43.000000000 AM','DD-MON-RR HH.MI.SSXFF AM'),61,null,181,null,449,431,'0',to_date('26-APR-17','DD-MON-RR'),null,1);
Insert into ITSTOCK.RECORDS (ID,RETURN_DATETIME,BORROW_DATETIME,ADMIN_CHECKER_ID,ADMIN_RECEIVER_ID,CLIENT_BORROWER_ID,CLIENT_RETURNER_ID,RECEIPT_ID,ITEM_ID,DELETED,EXPECTED_DATE,NOTES,RETURNING) values (549,to_timestamp('21-APR-17 03.43.39.000000000 PM','DD-MON-RR HH.MI.SSXFF AM'),to_timestamp('21-APR-17 02.21.57.000000000 AM','DD-MON-RR HH.MI.SSXFF AM'),61,61,182,182,450,432,'0',to_date('24-APR-17','DD-MON-RR'),null,1);
Insert into ITSTOCK.RECORDS (ID,RETURN_DATETIME,BORROW_DATETIME,ADMIN_CHECKER_ID,ADMIN_RECEIVER_ID,CLIENT_BORROWER_ID,CLIENT_RETURNER_ID,RECEIPT_ID,ITEM_ID,DELETED,EXPECTED_DATE,NOTES,RETURNING) values (577,null,to_timestamp('02-MAY-17 04.35.43.000000000 AM','DD-MON-RR HH.MI.SSXFF AM'),63,null,182,null,478,191,'0',to_date('10-MAY-17','DD-MON-RR'),null,1);
Insert into ITSTOCK.RECORDS (ID,RETURN_DATETIME,BORROW_DATETIME,ADMIN_CHECKER_ID,ADMIN_RECEIVER_ID,CLIENT_BORROWER_ID,CLIENT_RETURNER_ID,RECEIPT_ID,ITEM_ID,DELETED,EXPECTED_DATE,NOTES,RETURNING) values (634,null,to_timestamp('12-MAY-17 11.10.48.000000000 AM','DD-MON-RR HH.MI.SSXFF AM'),61,null,201,null,531,778,'0',null,'For Iran Election ',1);
Insert into ITSTOCK.RECORDS (ID,RETURN_DATETIME,BORROW_DATETIME,ADMIN_CHECKER_ID,ADMIN_RECEIVER_ID,CLIENT_BORROWER_ID,CLIENT_RETURNER_ID,RECEIPT_ID,ITEM_ID,DELETED,EXPECTED_DATE,NOTES,RETURNING) values (573,to_timestamp('04-MAY-17 03.13.52.000000000 PM','DD-MON-RR HH.MI.SSXFF AM'),to_timestamp('26-APR-17 12.00.33.000000000 PM','DD-MON-RR HH.MI.SSXFF AM'),61,61,201,201,473,182,'0',to_date('26-APR-17','DD-MON-RR'),'OBVAN',1);
Insert into ITSTOCK.RECORDS (ID,RETURN_DATETIME,BORROW_DATETIME,ADMIN_CHECKER_ID,ADMIN_RECEIVER_ID,CLIENT_BORROWER_ID,CLIENT_RETURNER_ID,RECEIPT_ID,ITEM_ID,DELETED,EXPECTED_DATE,NOTES,RETURNING) values (575,to_timestamp('26-APR-17 10.12.54.000000000 PM','DD-MON-RR HH.MI.SSXFF AM'),to_timestamp('26-APR-17 04.09.55.000000000 AM','DD-MON-RR HH.MI.SSXFF AM'),45,1,202,202,475,176,'0',to_date('26-APR-17','DD-MON-RR'),null,1);
Insert into ITSTOCK.RECORDS (ID,RETURN_DATETIME,BORROW_DATETIME,ADMIN_CHECKER_ID,ADMIN_RECEIVER_ID,CLIENT_BORROWER_ID,CLIENT_RETURNER_ID,RECEIPT_ID,ITEM_ID,DELETED,EXPECTED_DATE,NOTES,RETURNING) values (649,null,to_timestamp('13-MAY-17 03.25.34.000000000 AM','DD-MON-RR HH.MI.SSXFF AM'),141,null,281,null,547,56,'0',null,null,0);
Insert into ITSTOCK.RECORDS (ID,RETURN_DATETIME,BORROW_DATETIME,ADMIN_CHECKER_ID,ADMIN_RECEIVER_ID,CLIENT_BORROWER_ID,CLIENT_RETURNER_ID,RECEIPT_ID,ITEM_ID,DELETED,EXPECTED_DATE,NOTES,RETURNING) values (522,to_timestamp('16-APR-17 12.30.44.000000000 AM','DD-MON-RR HH.MI.SSXFF AM'),to_timestamp('16-APR-17 12.29.48.000000000 PM','DD-MON-RR HH.MI.SSXFF AM'),45,45,142,142,422,67,'1',null,null,1);
Insert into ITSTOCK.RECORDS (ID,RETURN_DATETIME,BORROW_DATETIME,ADMIN_CHECKER_ID,ADMIN_RECEIVER_ID,CLIENT_BORROWER_ID,CLIENT_RETURNER_ID,RECEIPT_ID,ITEM_ID,DELETED,EXPECTED_DATE,NOTES,RETURNING) values (461,to_timestamp('12-APR-17 05.06.32.000000000 PM','DD-MON-RR HH.MI.SSXFF AM'),to_timestamp('09-APR-17 08.05.01.000000000 AM','DD-MON-RR HH.MI.SSXFF AM'),45,61,121,121,361,100,'0',null,null,1);
Insert into ITSTOCK.RECORDS (ID,RETURN_DATETIME,BORROW_DATETIME,ADMIN_CHECKER_ID,ADMIN_RECEIVER_ID,CLIENT_BORROWER_ID,CLIENT_RETURNER_ID,RECEIPT_ID,ITEM_ID,DELETED,EXPECTED_DATE,NOTES,RETURNING) values (485,to_timestamp('15-APR-17 01.08.12.000000000 PM','DD-MON-RR HH.MI.SSXFF AM'),to_timestamp('13-APR-17 06.07.23.000000000 AM','DD-MON-RR HH.MI.SSXFF AM'),1,1,141,121,383,184,'0',to_date('14-APR-17','DD-MON-RR'),null,1);
Insert into ITSTOCK.RECORDS (ID,RETURN_DATETIME,BORROW_DATETIME,ADMIN_CHECKER_ID,ADMIN_RECEIVER_ID,CLIENT_BORROWER_ID,CLIENT_RETURNER_ID,RECEIPT_ID,ITEM_ID,DELETED,EXPECTED_DATE,NOTES,RETURNING) values (544,to_timestamp('20-APR-17 01.17.58.000000000 PM','DD-MON-RR HH.MI.SSXFF AM'),to_timestamp('17-APR-17 09.20.39.000000000 AM','DD-MON-RR HH.MI.SSXFF AM'),1,84,162,162,444,184,'0',to_date('24-APR-17','DD-MON-RR'),null,1);
Insert into ITSTOCK.RECORDS (ID,RETURN_DATETIME,BORROW_DATETIME,ADMIN_CHECKER_ID,ADMIN_RECEIVER_ID,CLIENT_BORROWER_ID,CLIENT_RETURNER_ID,RECEIPT_ID,ITEM_ID,DELETED,EXPECTED_DATE,NOTES,RETURNING) values (545,null,to_timestamp('18-APR-17 10.10.58.000000000 AM','DD-MON-RR HH.MI.SSXFF AM'),1,null,163,null,445,137,'0',to_date('20-APR-17','DD-MON-RR'),null,1);
Insert into ITSTOCK.RECORDS (ID,RETURN_DATETIME,BORROW_DATETIME,ADMIN_CHECKER_ID,ADMIN_RECEIVER_ID,CLIENT_BORROWER_ID,CLIENT_RETURNER_ID,RECEIPT_ID,ITEM_ID,DELETED,EXPECTED_DATE,NOTES,RETURNING) values (546,null,to_timestamp('18-APR-17 01.31.35.000000000 AM','DD-MON-RR HH.MI.SSXFF AM'),1,null,164,null,446,21,'0',to_date('20-MAY-17','DD-MON-RR'),null,1);
Insert into ITSTOCK.RECORDS (ID,RETURN_DATETIME,BORROW_DATETIME,ADMIN_CHECKER_ID,ADMIN_RECEIVER_ID,CLIENT_BORROWER_ID,CLIENT_RETURNER_ID,RECEIPT_ID,ITEM_ID,DELETED,EXPECTED_DATE,NOTES,RETURNING) values (547,null,to_timestamp('18-APR-17 11.00.51.000000000 AM','DD-MON-RR HH.MI.SSXFF AM'),61,null,165,null,448,47,'0',null,null,0);
Insert into ITSTOCK.RECORDS (ID,RETURN_DATETIME,BORROW_DATETIME,ADMIN_CHECKER_ID,ADMIN_RECEIVER_ID,CLIENT_BORROWER_ID,CLIENT_RETURNER_ID,RECEIPT_ID,ITEM_ID,DELETED,EXPECTED_DATE,NOTES,RETURNING) values (561,to_timestamp('25-APR-17 09.49.47.000000000 PM','DD-MON-RR HH.MI.SSXFF AM'),to_timestamp('25-APR-17 05.02.52.000000000 AM','DD-MON-RR HH.MI.SSXFF AM'),45,1,141,141,461,430,'0',to_date('25-APR-17','DD-MON-RR'),null,1);
Insert into ITSTOCK.RECORDS (ID,RETURN_DATETIME,BORROW_DATETIME,ADMIN_CHECKER_ID,ADMIN_RECEIVER_ID,CLIENT_BORROWER_ID,CLIENT_RETURNER_ID,RECEIPT_ID,ITEM_ID,DELETED,EXPECTED_DATE,NOTES,RETURNING) values (585,to_timestamp('03-MAY-17 09.12.00.000000000 PM','DD-MON-RR HH.MI.SSXFF AM'),to_timestamp('03-MAY-17 08.52.42.000000000 AM','DD-MON-RR HH.MI.SSXFF AM'),1,45,121,121,483,184,'0',to_date('03-MAY-17','DD-MON-RR'),null,1);
Insert into ITSTOCK.RECORDS (ID,RETURN_DATETIME,BORROW_DATETIME,ADMIN_CHECKER_ID,ADMIN_RECEIVER_ID,CLIENT_BORROWER_ID,CLIENT_RETURNER_ID,RECEIPT_ID,ITEM_ID,DELETED,EXPECTED_DATE,NOTES,RETURNING) values (588,null,to_timestamp('04-MAY-17 12.38.13.000000000 PM','DD-MON-RR HH.MI.SSXFF AM'),1,null,221,null,486,566,'0',null,'Placed on it5',0);
Insert into ITSTOCK.RECORDS (ID,RETURN_DATETIME,BORROW_DATETIME,ADMIN_CHECKER_ID,ADMIN_RECEIVER_ID,CLIENT_BORROWER_ID,CLIENT_RETURNER_ID,RECEIPT_ID,ITEM_ID,DELETED,EXPECTED_DATE,NOTES,RETURNING) values (630,to_timestamp('11-MAY-17 12.56.03.000000000 PM','DD-MON-RR HH.MI.SSXFF AM'),to_timestamp('11-MAY-17 12.54.53.000000000 PM','DD-MON-RR HH.MI.SSXFF AM'),61,61,262,262,528,575,'0',null,null,0);
Insert into ITSTOCK.RECORDS (ID,RETURN_DATETIME,BORROW_DATETIME,ADMIN_CHECKER_ID,ADMIN_RECEIVER_ID,CLIENT_BORROWER_ID,CLIENT_RETURNER_ID,RECEIPT_ID,ITEM_ID,DELETED,EXPECTED_DATE,NOTES,RETURNING) values (521,to_timestamp('16-APR-17 12.28.16.000000000 AM','DD-MON-RR HH.MI.SSXFF AM'),to_timestamp('16-APR-17 12.27.34.000000000 PM','DD-MON-RR HH.MI.SSXFF AM'),45,45,122,122,421,67,'1',null,null,1);
Insert into ITSTOCK.RECORDS (ID,RETURN_DATETIME,BORROW_DATETIME,ADMIN_CHECKER_ID,ADMIN_RECEIVER_ID,CLIENT_BORROWER_ID,CLIENT_RETURNER_ID,RECEIPT_ID,ITEM_ID,DELETED,EXPECTED_DATE,NOTES,RETURNING) values (481,to_timestamp('15-APR-17 01.07.20.000000000 PM','DD-MON-RR HH.MI.SSXFF AM'),to_timestamp('13-APR-17 02.51.17.000000000 AM','DD-MON-RR HH.MI.SSXFF AM'),1,1,141,121,381,21,'0',to_date('15-APR-17','DD-MON-RR'),null,1);
Insert into ITSTOCK.RECORDS (ID,RETURN_DATETIME,BORROW_DATETIME,ADMIN_CHECKER_ID,ADMIN_RECEIVER_ID,CLIENT_BORROWER_ID,CLIENT_RETURNER_ID,RECEIPT_ID,ITEM_ID,DELETED,EXPECTED_DATE,NOTES,RETURNING) values (551,null,to_timestamp('21-APR-17 04.11.55.000000000 AM','DD-MON-RR HH.MI.SSXFF AM'),61,null,183,null,452,85,'0',to_date('30-APR-17','DD-MON-RR'),null,1);
Insert into ITSTOCK.RECORDS (ID,RETURN_DATETIME,BORROW_DATETIME,ADMIN_CHECKER_ID,ADMIN_RECEIVER_ID,CLIENT_BORROWER_ID,CLIENT_RETURNER_ID,RECEIPT_ID,ITEM_ID,DELETED,EXPECTED_DATE,NOTES,RETURNING) values (576,null,to_timestamp('28-APR-17 10.08.35.000000000 AM','DD-MON-RR HH.MI.SSXFF AM'),61,null,203,null,476,565,'0',null,'ENG3 Computer',0);
Insert into ITSTOCK.RECORDS (ID,RETURN_DATETIME,BORROW_DATETIME,ADMIN_CHECKER_ID,ADMIN_RECEIVER_ID,CLIENT_BORROWER_ID,CLIENT_RETURNER_ID,RECEIPT_ID,ITEM_ID,DELETED,EXPECTED_DATE,NOTES,RETURNING) values (619,null,to_timestamp('09-MAY-17 10.32.07.000000000 AM','DD-MON-RR HH.MI.SSXFF AM'),84,null,243,null,511,560,'0',null,null,0);
Insert into ITSTOCK.RECORDS (ID,RETURN_DATETIME,BORROW_DATETIME,ADMIN_CHECKER_ID,ADMIN_RECEIVER_ID,CLIENT_BORROWER_ID,CLIENT_RETURNER_ID,RECEIPT_ID,ITEM_ID,DELETED,EXPECTED_DATE,NOTES,RETURNING) values (589,to_timestamp('04-MAY-17 10.34.25.000000000 PM','DD-MON-RR HH.MI.SSXFF AM'),to_timestamp('04-MAY-17 03.34.16.000000000 AM','DD-MON-RR HH.MI.SSXFF AM'),61,67,222,222,487,430,'0',to_date('04-MAY-17','DD-MON-RR'),'OBVAM Foren Al shbek',1);
Insert into ITSTOCK.RECORDS (ID,RETURN_DATETIME,BORROW_DATETIME,ADMIN_CHECKER_ID,ADMIN_RECEIVER_ID,CLIENT_BORROWER_ID,CLIENT_RETURNER_ID,RECEIPT_ID,ITEM_ID,DELETED,EXPECTED_DATE,NOTES,RETURNING) values (592,null,to_timestamp('04-MAY-17 05.14.40.000000000 AM','DD-MON-RR HH.MI.SSXFF AM'),61,null,223,null,490,567,'0',null,'Shalhoub Workstation',0);
Insert into ITSTOCK.RECORDS (ID,RETURN_DATETIME,BORROW_DATETIME,ADMIN_CHECKER_ID,ADMIN_RECEIVER_ID,CLIENT_BORROWER_ID,CLIENT_RETURNER_ID,RECEIPT_ID,ITEM_ID,DELETED,EXPECTED_DATE,NOTES,RETURNING) values (629,to_timestamp('11-MAY-17 12.54.33.000000000 PM','DD-MON-RR HH.MI.SSXFF AM'),to_timestamp('11-MAY-17 12.37.04.000000000 PM','DD-MON-RR HH.MI.SSXFF AM'),61,61,262,262,527,575,'0',null,null,0);
Insert into ITSTOCK.RECORDS (ID,RETURN_DATETIME,BORROW_DATETIME,ADMIN_CHECKER_ID,ADMIN_RECEIVER_ID,CLIENT_BORROWER_ID,CLIENT_RETURNER_ID,RECEIPT_ID,ITEM_ID,DELETED,EXPECTED_DATE,NOTES,RETURNING) values (632,to_timestamp('20-MAY-17 11.40.29.000000000 PM','DD-MON-RR HH.MI.SSXFF AM'),to_timestamp('11-MAY-17 04.07.15.000000000 AM','DD-MON-RR HH.MI.SSXFF AM'),61,63,264,264,530,494,'0',to_date('17-MAY-17','DD-MON-RR'),null,1);
Insert into ITSTOCK.RECORDS (ID,RETURN_DATETIME,BORROW_DATETIME,ADMIN_CHECKER_ID,ADMIN_RECEIVER_ID,CLIENT_BORROWER_ID,CLIENT_RETURNER_ID,RECEIPT_ID,ITEM_ID,DELETED,EXPECTED_DATE,NOTES,RETURNING) values (633,to_timestamp('23-MAY-17 12.36.54.000000000 PM','DD-MON-RR HH.MI.SSXFF AM'),to_timestamp('11-MAY-17 04.07.15.000000000 AM','DD-MON-RR HH.MI.SSXFF AM'),61,141,264,264,530,176,'0',to_date('17-MAY-17','DD-MON-RR'),null,1);
Insert into ITSTOCK.RECORDS (ID,RETURN_DATETIME,BORROW_DATETIME,ADMIN_CHECKER_ID,ADMIN_RECEIVER_ID,CLIENT_BORROWER_ID,CLIENT_RETURNER_ID,RECEIPT_ID,ITEM_ID,DELETED,EXPECTED_DATE,NOTES,RETURNING) values (652,to_timestamp('14-MAY-17 03.32.06.000000000 PM','DD-MON-RR HH.MI.SSXFF AM'),to_timestamp('13-MAY-17 04.00.32.000000000 AM','DD-MON-RR HH.MI.SSXFF AM'),141,1,283,283,549,177,'0',null,null,1);
Insert into ITSTOCK.RECORDS (ID,RETURN_DATETIME,BORROW_DATETIME,ADMIN_CHECKER_ID,ADMIN_RECEIVER_ID,CLIENT_BORROWER_ID,CLIENT_RETURNER_ID,RECEIPT_ID,ITEM_ID,DELETED,EXPECTED_DATE,NOTES,RETURNING) values (653,to_timestamp('14-MAY-17 03.32.06.000000000 PM','DD-MON-RR HH.MI.SSXFF AM'),to_timestamp('13-MAY-17 04.00.32.000000000 AM','DD-MON-RR HH.MI.SSXFF AM'),141,1,283,283,549,561,'0',null,null,1);
Insert into ITSTOCK.RECORDS (ID,RETURN_DATETIME,BORROW_DATETIME,ADMIN_CHECKER_ID,ADMIN_RECEIVER_ID,CLIENT_BORROWER_ID,CLIENT_RETURNER_ID,RECEIPT_ID,ITEM_ID,DELETED,EXPECTED_DATE,NOTES,RETURNING) values (608,to_timestamp('16-MAY-17 09.37.45.000000000 AM','DD-MON-RR HH.MI.SSXFF AM'),to_timestamp('08-MAY-17 07.20.54.000000000 AM','DD-MON-RR HH.MI.SSXFF AM'),67,84,241,241,506,430,'0',to_date('09-MAY-17','DD-MON-RR'),null,1);
Insert into ITSTOCK.RECORDS (ID,RETURN_DATETIME,BORROW_DATETIME,ADMIN_CHECKER_ID,ADMIN_RECEIVER_ID,CLIENT_BORROWER_ID,CLIENT_RETURNER_ID,RECEIPT_ID,ITEM_ID,DELETED,EXPECTED_DATE,NOTES,RETURNING) values (581,null,to_timestamp('03-MAY-17 02.29.06.000000000 AM','DD-MON-RR HH.MI.SSXFF AM'),61,null,201,null,479,571,'0',to_date('10-MAY-17','DD-MON-RR'),'For Data Recovry',1);
Insert into ITSTOCK.RECORDS (ID,RETURN_DATETIME,BORROW_DATETIME,ADMIN_CHECKER_ID,ADMIN_RECEIVER_ID,CLIENT_BORROWER_ID,CLIENT_RETURNER_ID,RECEIPT_ID,ITEM_ID,DELETED,EXPECTED_DATE,NOTES,RETURNING) values (580,null,to_timestamp('02-MAY-17 04.37.19.000000000 AM','DD-MON-RR HH.MI.SSXFF AM'),63,null,182,null,478,173,'0',to_date('10-MAY-17','DD-MON-RR'),null,1);
Insert into ITSTOCK.RECORDS (ID,RETURN_DATETIME,BORROW_DATETIME,ADMIN_CHECKER_ID,ADMIN_RECEIVER_ID,CLIENT_BORROWER_ID,CLIENT_RETURNER_ID,RECEIPT_ID,ITEM_ID,DELETED,EXPECTED_DATE,NOTES,RETURNING) values (651,to_timestamp('14-MAY-17 03.32.08.000000000 PM','DD-MON-RR HH.MI.SSXFF AM'),to_timestamp('13-MAY-17 03.58.33.000000000 AM','DD-MON-RR HH.MI.SSXFF AM'),141,1,282,282,548,192,'1',null,null,1);
Insert into ITSTOCK.RECORDS (ID,RETURN_DATETIME,BORROW_DATETIME,ADMIN_CHECKER_ID,ADMIN_RECEIVER_ID,CLIENT_BORROWER_ID,CLIENT_RETURNER_ID,RECEIPT_ID,ITEM_ID,DELETED,EXPECTED_DATE,NOTES,RETURNING) values (648,null,to_timestamp('13-MAY-17 03.22.37.000000000 AM','DD-MON-RR HH.MI.SSXFF AM'),141,null,281,null,546,569,'0',null,null,0);
Insert into ITSTOCK.RECORDS (ID,RETURN_DATETIME,BORROW_DATETIME,ADMIN_CHECKER_ID,ADMIN_RECEIVER_ID,CLIENT_BORROWER_ID,CLIENT_RETURNER_ID,RECEIPT_ID,ITEM_ID,DELETED,EXPECTED_DATE,NOTES,RETURNING) values (650,to_timestamp('14-MAY-17 03.32.09.000000000 PM','DD-MON-RR HH.MI.SSXFF AM'),to_timestamp('13-MAY-17 03.58.33.000000000 AM','DD-MON-RR HH.MI.SSXFF AM'),141,1,282,282,548,174,'0',null,null,1);
Insert into ITSTOCK.RECORDS (ID,RETURN_DATETIME,BORROW_DATETIME,ADMIN_CHECKER_ID,ADMIN_RECEIVER_ID,CLIENT_BORROWER_ID,CLIENT_RETURNER_ID,RECEIPT_ID,ITEM_ID,DELETED,EXPECTED_DATE,NOTES,RETURNING) values (712,to_timestamp('17-MAY-17 11.06.46.000000000 PM','DD-MON-RR HH.MI.SSXFF AM'),to_timestamp('17-MAY-17 02.36.33.000000000 AM','DD-MON-RR HH.MI.SSXFF AM'),84,61,141,141,609,430,'0',to_date('17-MAY-17','DD-MON-RR'),null,1);
Insert into ITSTOCK.RECORDS (ID,RETURN_DATETIME,BORROW_DATETIME,ADMIN_CHECKER_ID,ADMIN_RECEIVER_ID,CLIENT_BORROWER_ID,CLIENT_RETURNER_ID,RECEIPT_ID,ITEM_ID,DELETED,EXPECTED_DATE,NOTES,RETURNING) values (808,null,to_timestamp('26-MAY-17 01.33.58.000000000 AM','DD-MON-RR HH.MI.SSXFF AM'),1,null,281,null,687,922,'0',null,'test',1);
Insert into ITSTOCK.RECORDS (ID,RETURN_DATETIME,BORROW_DATETIME,ADMIN_CHECKER_ID,ADMIN_RECEIVER_ID,CLIENT_BORROWER_ID,CLIENT_RETURNER_ID,RECEIPT_ID,ITEM_ID,DELETED,EXPECTED_DATE,NOTES,RETURNING) values (695,null,to_timestamp('15-MAY-17 11.10.01.000000000 AM','DD-MON-RR HH.MI.SSXFF AM'),45,null,304,null,591,433,'0',to_date('16-MAY-17','DD-MON-RR'),null,1);
Insert into ITSTOCK.RECORDS (ID,RETURN_DATETIME,BORROW_DATETIME,ADMIN_CHECKER_ID,ADMIN_RECEIVER_ID,CLIENT_BORROWER_ID,CLIENT_RETURNER_ID,RECEIPT_ID,ITEM_ID,DELETED,EXPECTED_DATE,NOTES,RETURNING) values (694,to_timestamp('15-MAY-17 10.35.15.000000000 AM','DD-MON-RR HH.MI.SSXFF AM'),to_timestamp('15-MAY-17 10.33.45.000000000 AM','DD-MON-RR HH.MI.SSXFF AM'),45,45,301,301,590,870,'0',to_date('26-MAY-17','DD-MON-RR'),null,1);
Insert into ITSTOCK.RECORDS (ID,RETURN_DATETIME,BORROW_DATETIME,ADMIN_CHECKER_ID,ADMIN_RECEIVER_ID,CLIENT_BORROWER_ID,CLIENT_RETURNER_ID,RECEIPT_ID,ITEM_ID,DELETED,EXPECTED_DATE,NOTES,RETURNING) values (698,to_timestamp('22-MAY-17 01.14.16.000000000 PM','DD-MON-RR HH.MI.SSXFF AM'),to_timestamp('15-MAY-17 11.34.26.000000000 AM','DD-MON-RR HH.MI.SSXFF AM'),61,61,282,282,593,871,'0',to_date('29-MAY-17','DD-MON-RR'),null,1);
Insert into ITSTOCK.RECORDS (ID,RETURN_DATETIME,BORROW_DATETIME,ADMIN_CHECKER_ID,ADMIN_RECEIVER_ID,CLIENT_BORROWER_ID,CLIENT_RETURNER_ID,RECEIPT_ID,ITEM_ID,DELETED,EXPECTED_DATE,NOTES,RETURNING) values (749,to_timestamp('23-MAY-17 12.37.31.000000000 PM','DD-MON-RR HH.MI.SSXFF AM'),to_timestamp('21-MAY-17 09.51.56.000000000 AM','DD-MON-RR HH.MI.SSXFF AM'),61,141,264,264,647,494,'0',null,null,1);
Insert into ITSTOCK.RECORDS (ID,RETURN_DATETIME,BORROW_DATETIME,ADMIN_CHECKER_ID,ADMIN_RECEIVER_ID,CLIENT_BORROWER_ID,CLIENT_RETURNER_ID,RECEIPT_ID,ITEM_ID,DELETED,EXPECTED_DATE,NOTES,RETURNING) values (769,null,to_timestamp('24-MAY-17 04.37.31.000000000 AM','DD-MON-RR HH.MI.SSXFF AM'),67,null,362,null,668,563,'0',null,null,1);
Insert into ITSTOCK.RECORDS (ID,RETURN_DATETIME,BORROW_DATETIME,ADMIN_CHECKER_ID,ADMIN_RECEIVER_ID,CLIENT_BORROWER_ID,CLIENT_RETURNER_ID,RECEIPT_ID,ITEM_ID,DELETED,EXPECTED_DATE,NOTES,RETURNING) values (788,null,to_timestamp('25-MAY-17 08.04.10.000000000 AM','DD-MON-RR HH.MI.SSXFF AM'),1,null,341,null,686,494,'0',to_date('25-MAY-17','DD-MON-RR'),null,1);
Insert into ITSTOCK.RECORDS (ID,RETURN_DATETIME,BORROW_DATETIME,ADMIN_CHECKER_ID,ADMIN_RECEIVER_ID,CLIENT_BORROWER_ID,CLIENT_RETURNER_ID,RECEIPT_ID,ITEM_ID,DELETED,EXPECTED_DATE,NOTES,RETURNING) values (696,to_timestamp('22-MAY-17 01.18.46.000000000 PM','DD-MON-RR HH.MI.SSXFF AM'),to_timestamp('15-MAY-17 11.18.26.000000000 AM','DD-MON-RR HH.MI.SSXFF AM'),61,61,282,282,592,847,'0',null,null,1);
Insert into ITSTOCK.RECORDS (ID,RETURN_DATETIME,BORROW_DATETIME,ADMIN_CHECKER_ID,ADMIN_RECEIVER_ID,CLIENT_BORROWER_ID,CLIENT_RETURNER_ID,RECEIPT_ID,ITEM_ID,DELETED,EXPECTED_DATE,NOTES,RETURNING) values (697,to_timestamp('22-MAY-17 01.18.46.000000000 PM','DD-MON-RR HH.MI.SSXFF AM'),to_timestamp('15-MAY-17 11.18.26.000000000 AM','DD-MON-RR HH.MI.SSXFF AM'),61,61,282,282,592,848,'0',null,null,1);
Insert into ITSTOCK.RECORDS (ID,RETURN_DATETIME,BORROW_DATETIME,ADMIN_CHECKER_ID,ADMIN_RECEIVER_ID,CLIENT_BORROWER_ID,CLIENT_RETURNER_ID,RECEIPT_ID,ITEM_ID,DELETED,EXPECTED_DATE,NOTES,RETURNING) values (713,to_timestamp('17-MAY-17 03.56.25.000000000 PM','DD-MON-RR HH.MI.SSXFF AM'),to_timestamp('17-MAY-17 03.54.20.000000000 AM','DD-MON-RR HH.MI.SSXFF AM'),1,1,302,302,610,870,'0',to_date('15-MAY-17','DD-MON-RR'),'delete me',1);
Insert into ITSTOCK.RECORDS (ID,RETURN_DATETIME,BORROW_DATETIME,ADMIN_CHECKER_ID,ADMIN_RECEIVER_ID,CLIENT_BORROWER_ID,CLIENT_RETURNER_ID,RECEIPT_ID,ITEM_ID,DELETED,EXPECTED_DATE,NOTES,RETURNING) values (728,to_timestamp('21-MAY-17 09.54.44.000000000 PM','DD-MON-RR HH.MI.SSXFF AM'),to_timestamp('19-MAY-17 03.58.48.000000000 AM','DD-MON-RR HH.MI.SSXFF AM'),61,61,261,261,626,182,'0',null,'MR.Ghassan',1);
Insert into ITSTOCK.RECORDS (ID,RETURN_DATETIME,BORROW_DATETIME,ADMIN_CHECKER_ID,ADMIN_RECEIVER_ID,CLIENT_BORROWER_ID,CLIENT_RETURNER_ID,RECEIPT_ID,ITEM_ID,DELETED,EXPECTED_DATE,NOTES,RETURNING) values (748,null,to_timestamp('21-MAY-17 12.33.59.000000000 PM','DD-MON-RR HH.MI.SSXFF AM'),67,null,341,null,646,753,'0',to_date('31-MAY-17','DD-MON-RR'),null,1);
REM INSERTING into ITSTOCK.REMOTE_LOCATIONS
SET DEFINE OFF;
Insert into ITSTOCK.REMOTE_LOCATIONS (ID,NAME) values (81,'Venezuela');
Insert into ITSTOCK.REMOTE_LOCATIONS (ID,NAME) values (8,'France');
Insert into ITSTOCK.REMOTE_LOCATIONS (ID,NAME) values (12,'Australia');
Insert into ITSTOCK.REMOTE_LOCATIONS (ID,NAME) values (14,'Mexico');
Insert into ITSTOCK.REMOTE_LOCATIONS (ID,NAME) values (2,'Syria');
Insert into ITSTOCK.REMOTE_LOCATIONS (ID,NAME) values (3,'Germany');
Insert into ITSTOCK.REMOTE_LOCATIONS (ID,NAME) values (18,'China');
Insert into ITSTOCK.REMOTE_LOCATIONS (ID,NAME) values (21,'Spain');
Insert into ITSTOCK.REMOTE_LOCATIONS (ID,NAME) values (4,'Italy');
Insert into ITSTOCK.REMOTE_LOCATIONS (ID,NAME) values (5,'Austria');
Insert into ITSTOCK.REMOTE_LOCATIONS (ID,NAME) values (6,'England');
Insert into ITSTOCK.REMOTE_LOCATIONS (ID,NAME) values (7,'Switzerland');
Insert into ITSTOCK.REMOTE_LOCATIONS (ID,NAME) values (9,'Ukraine');
Insert into ITSTOCK.REMOTE_LOCATIONS (ID,NAME) values (10,'Bosnia');
Insert into ITSTOCK.REMOTE_LOCATIONS (ID,NAME) values (13,'Bolivia');
Insert into ITSTOCK.REMOTE_LOCATIONS (ID,NAME) values (17,'Russia');
Insert into ITSTOCK.REMOTE_LOCATIONS (ID,NAME) values (41,'Iraq');
Insert into ITSTOCK.REMOTE_LOCATIONS (ID,NAME) values (0,'HQ');
Insert into ITSTOCK.REMOTE_LOCATIONS (ID,NAME) values (1,'Lebanon');
Insert into ITSTOCK.REMOTE_LOCATIONS (ID,NAME) values (11,'Sardenia');
Insert into ITSTOCK.REMOTE_LOCATIONS (ID,NAME) values (15,'Brazil');
Insert into ITSTOCK.REMOTE_LOCATIONS (ID,NAME) values (16,'Peru');
Insert into ITSTOCK.REMOTE_LOCATIONS (ID,NAME) values (19,'Japan');
Insert into ITSTOCK.REMOTE_LOCATIONS (ID,NAME) values (61,'Iran');
REM INSERTING into ITSTOCK.SPECS
SET DEFINE OFF;
Insert into ITSTOCK.SPECS (ID,NAME,UNIT) values (166,null,null);
Insert into ITSTOCK.SPECS (ID,NAME,UNIT) values (178,null,null);
Insert into ITSTOCK.SPECS (ID,NAME,UNIT) values (165,null,null);
Insert into ITSTOCK.SPECS (ID,NAME,UNIT) values (168,'Form Factor',null);
Insert into ITSTOCK.SPECS (ID,NAME,UNIT) values (171,'Ports Type',null);
Insert into ITSTOCK.SPECS (ID,NAME,UNIT) values (176,'Conversion',null);
Insert into ITSTOCK.SPECS (ID,NAME,UNIT) values (188,'Signal',null);
Insert into ITSTOCK.SPECS (ID,NAME,UNIT) values (196,null,null);
Insert into ITSTOCK.SPECS (ID,NAME,UNIT) values (163,'Model',null);
Insert into ITSTOCK.SPECS (ID,NAME,UNIT) values (169,'Number of Ports',null);
Insert into ITSTOCK.SPECS (ID,NAME,UNIT) values (172,null,null);
Insert into ITSTOCK.SPECS (ID,NAME,UNIT) values (174,'Need Power?',null);
Insert into ITSTOCK.SPECS (ID,NAME,UNIT) values (175,'Plug and play or need driver?',null);
Insert into ITSTOCK.SPECS (ID,NAME,UNIT) values (192,'Number of Pieces',null);
Insert into ITSTOCK.SPECS (ID,NAME,UNIT) values (195,'Language',null);
Insert into ITSTOCK.SPECS (ID,NAME,UNIT) values (199,'Operating System
                                                            ',null);
Insert into ITSTOCK.SPECS (ID,NAME,UNIT) values (241,null,null);
Insert into ITSTOCK.SPECS (ID,NAME,UNIT) values (162,'Interface',null);
Insert into ITSTOCK.SPECS (ID,NAME,UNIT) values (152,'Hard Drive',null);
Insert into ITSTOCK.SPECS (ID,NAME,UNIT) values (164,null,null);
Insert into ITSTOCK.SPECS (ID,NAME,UNIT) values (167,'Capacity',null);
Insert into ITSTOCK.SPECS (ID,NAME,UNIT) values (173,'Cooling Method',null);
Insert into ITSTOCK.SPECS (ID,NAME,UNIT) values (190,'CUDA Cores',null);
Insert into ITSTOCK.SPECS (ID,NAME,UNIT) values (197,'Type',null);
Insert into ITSTOCK.SPECS (ID,NAME,UNIT) values (150,'VGA',null);
Insert into ITSTOCK.SPECS (ID,NAME,UNIT) values (201,'Processor',null);
Insert into ITSTOCK.SPECS (ID,NAME,UNIT) values (202,'Power',null);
Insert into ITSTOCK.SPECS (ID,NAME,UNIT) values (209,'slots',null);
Insert into ITSTOCK.SPECS (ID,NAME,UNIT) values (170,null,null);
Insert into ITSTOCK.SPECS (ID,NAME,UNIT) values (189,'Video RAM',null);
Insert into ITSTOCK.SPECS (ID,NAME,UNIT) values (151,'RAM Size
',null);
Insert into ITSTOCK.SPECS (ID,NAME,UNIT) values (261,'Connections',null);
REM INSERTING into ITSTOCK.SPECS_TYPES
SET DEFINE OFF;
Insert into ITSTOCK.SPECS_TYPES (ID,SPEC_ID,TYPE_ID) values (188,171,213);
Insert into ITSTOCK.SPECS_TYPES (ID,SPEC_ID,TYPE_ID) values (193,150,162);
Insert into ITSTOCK.SPECS_TYPES (ID,SPEC_ID,TYPE_ID) values (196,190,202);
Insert into ITSTOCK.SPECS_TYPES (ID,SPEC_ID,TYPE_ID) values (243,169,263);
Insert into ITSTOCK.SPECS_TYPES (ID,SPEC_ID,TYPE_ID) values (202,209,191);
Insert into ITSTOCK.SPECS_TYPES (ID,SPEC_ID,TYPE_ID) values (175,169,202);
Insert into ITSTOCK.SPECS_TYPES (ID,SPEC_ID,TYPE_ID) values (204,171,209);
Insert into ITSTOCK.SPECS_TYPES (ID,SPEC_ID,TYPE_ID) values (183,189,209);
Insert into ITSTOCK.SPECS_TYPES (ID,SPEC_ID,TYPE_ID) values (223,169,190);
Insert into ITSTOCK.SPECS_TYPES (ID,SPEC_ID,TYPE_ID) values (247,174,221);
Insert into ITSTOCK.SPECS_TYPES (ID,SPEC_ID,TYPE_ID) values (176,171,181);
Insert into ITSTOCK.SPECS_TYPES (ID,SPEC_ID,TYPE_ID) values (221,162,241);
Insert into ITSTOCK.SPECS_TYPES (ID,SPEC_ID,TYPE_ID) values (226,162,243);
Insert into ITSTOCK.SPECS_TYPES (ID,SPEC_ID,TYPE_ID) values (245,171,264);
Insert into ITSTOCK.SPECS_TYPES (ID,SPEC_ID,TYPE_ID) values (246,169,264);
Insert into ITSTOCK.SPECS_TYPES (ID,SPEC_ID,TYPE_ID) values (153,151,162);
Insert into ITSTOCK.SPECS_TYPES (ID,SPEC_ID,TYPE_ID) values (154,152,162);
Insert into ITSTOCK.SPECS_TYPES (ID,SPEC_ID,TYPE_ID) values (162,162,182);
Insert into ITSTOCK.SPECS_TYPES (ID,SPEC_ID,TYPE_ID) values (165,168,185);
Insert into ITSTOCK.SPECS_TYPES (ID,SPEC_ID,TYPE_ID) values (177,171,202);
Insert into ITSTOCK.SPECS_TYPES (ID,SPEC_ID,TYPE_ID) values (169,174,195);
Insert into ITSTOCK.SPECS_TYPES (ID,SPEC_ID,TYPE_ID) values (171,176,195);
Insert into ITSTOCK.SPECS_TYPES (ID,SPEC_ID,TYPE_ID) values (187,167,212);
Insert into ITSTOCK.SPECS_TYPES (ID,SPEC_ID,TYPE_ID) values (205,169,209);
Insert into ITSTOCK.SPECS_TYPES (ID,SPEC_ID,TYPE_ID) values (206,162,209);
Insert into ITSTOCK.SPECS_TYPES (ID,SPEC_ID,TYPE_ID) values (224,162,242);
Insert into ITSTOCK.SPECS_TYPES (ID,SPEC_ID,TYPE_ID) values (244,171,263);
Insert into ITSTOCK.SPECS_TYPES (ID,SPEC_ID,TYPE_ID) values (168,173,192);
Insert into ITSTOCK.SPECS_TYPES (ID,SPEC_ID,TYPE_ID) values (163,163,183);
Insert into ITSTOCK.SPECS_TYPES (ID,SPEC_ID,TYPE_ID) values (166,169,182);
Insert into ITSTOCK.SPECS_TYPES (ID,SPEC_ID,TYPE_ID) values (170,175,195);
Insert into ITSTOCK.SPECS_TYPES (ID,SPEC_ID,TYPE_ID) values (172,169,197);
Insert into ITSTOCK.SPECS_TYPES (ID,SPEC_ID,TYPE_ID) values (173,169,200);
Insert into ITSTOCK.SPECS_TYPES (ID,SPEC_ID,TYPE_ID) values (182,188,203);
Insert into ITSTOCK.SPECS_TYPES (ID,SPEC_ID,TYPE_ID) values (186,192,211);
Insert into ITSTOCK.SPECS_TYPES (ID,SPEC_ID,TYPE_ID) values (189,195,213);
Insert into ITSTOCK.SPECS_TYPES (ID,SPEC_ID,TYPE_ID) values (190,197,215);
Insert into ITSTOCK.SPECS_TYPES (ID,SPEC_ID,TYPE_ID) values (191,167,217);
Insert into ITSTOCK.SPECS_TYPES (ID,SPEC_ID,TYPE_ID) values (192,199,162);
Insert into ITSTOCK.SPECS_TYPES (ID,SPEC_ID,TYPE_ID) values (197,189,202);
Insert into ITSTOCK.SPECS_TYPES (ID,SPEC_ID,TYPE_ID) values (199,162,189);
Insert into ITSTOCK.SPECS_TYPES (ID,SPEC_ID,TYPE_ID) values (225,169,242);
Insert into ITSTOCK.SPECS_TYPES (ID,SPEC_ID,TYPE_ID) values (178,171,201);
Insert into ITSTOCK.SPECS_TYPES (ID,SPEC_ID,TYPE_ID) values (179,169,201);
Insert into ITSTOCK.SPECS_TYPES (ID,SPEC_ID,TYPE_ID) values (164,167,185);
Insert into ITSTOCK.SPECS_TYPES (ID,SPEC_ID,TYPE_ID) values (180,171,203);
Insert into ITSTOCK.SPECS_TYPES (ID,SPEC_ID,TYPE_ID) values (181,169,203);
Insert into ITSTOCK.SPECS_TYPES (ID,SPEC_ID,TYPE_ID) values (184,190,209);
Insert into ITSTOCK.SPECS_TYPES (ID,SPEC_ID,TYPE_ID) values (185,167,211);
Insert into ITSTOCK.SPECS_TYPES (ID,SPEC_ID,TYPE_ID) values (194,201,162);
Insert into ITSTOCK.SPECS_TYPES (ID,SPEC_ID,TYPE_ID) values (195,202,219);
Insert into ITSTOCK.SPECS_TYPES (ID,SPEC_ID,TYPE_ID) values (198,167,221);
Insert into ITSTOCK.SPECS_TYPES (ID,SPEC_ID,TYPE_ID) values (200,171,189);
Insert into ITSTOCK.SPECS_TYPES (ID,SPEC_ID,TYPE_ID) values (203,167,223);
Insert into ITSTOCK.SPECS_TYPES (ID,SPEC_ID,TYPE_ID) values (222,162,190);
Insert into ITSTOCK.SPECS_TYPES (ID,SPEC_ID,TYPE_ID) values (241,169,193);
Insert into ITSTOCK.SPECS_TYPES (ID,SPEC_ID,TYPE_ID) values (242,171,193);
Insert into ITSTOCK.SPECS_TYPES (ID,SPEC_ID,TYPE_ID) values (261,261,162);
REM INSERTING into ITSTOCK.TYPES
SET DEFINE OFF;
Insert into ITSTOCK.TYPES (ID,NAME) values (185,'Internal Hard Disk');
Insert into ITSTOCK.TYPES (ID,NAME) values (189,'Docking Station');
Insert into ITSTOCK.TYPES (ID,NAME) values (198,'Embedder/Disembedder');
Insert into ITSTOCK.TYPES (ID,NAME) values (199,'Wireless Presenter');
Insert into ITSTOCK.TYPES (ID,NAME) values (208,'Router');
Insert into ITSTOCK.TYPES (ID,NAME) values (209,'VGA');
Insert into ITSTOCK.TYPES (ID,NAME) values (210,'Atomos');
Insert into ITSTOCK.TYPES (ID,NAME) values (211,'DVD-Recordable Disc');
Insert into ITSTOCK.TYPES (ID,NAME) values (216,'Desktop');
Insert into ITSTOCK.TYPES (ID,NAME) values (242,'FireWire Card');
Insert into ITSTOCK.TYPES (ID,NAME) values (261,'Dongles');
Insert into ITSTOCK.TYPES (ID,NAME) values (263,'Multiviewer Processors ');
Insert into ITSTOCK.TYPES (ID,NAME) values (197,'VGA Splitter');
Insert into ITSTOCK.TYPES (ID,NAME) values (200,'Sync Generator');
Insert into ITSTOCK.TYPES (ID,NAME) values (202,'Internal Video Card');
Insert into ITSTOCK.TYPES (ID,NAME) values (214,'KVM Extenders');
Insert into ITSTOCK.TYPES (ID,NAME) values (217,'UPS');
Insert into ITSTOCK.TYPES (ID,NAME) values (222,'Label printer');
Insert into ITSTOCK.TYPES (ID,NAME) values (184,'Power Cables');
Insert into ITSTOCK.TYPES (ID,NAME) values (194,'Board');
Insert into ITSTOCK.TYPES (ID,NAME) values (190,'ThunderBolt Card');
Insert into ITSTOCK.TYPES (ID,NAME) values (195,'Converter');
Insert into ITSTOCK.TYPES (ID,NAME) values (219,'Power Supply ');
Insert into ITSTOCK.TYPES (ID,NAME) values (262,'test');
Insert into ITSTOCK.TYPES (ID,NAME) values (182,'Network Card');
Insert into ITSTOCK.TYPES (ID,NAME) values (183,'Pen Tablets');
Insert into ITSTOCK.TYPES (ID,NAME) values (186,'Raid Controller');
Insert into ITSTOCK.TYPES (ID,NAME) values (187,'Sound Card');
Insert into ITSTOCK.TYPES (ID,NAME) values (192,'Laptop Cooler');
Insert into ITSTOCK.TYPES (ID,NAME) values (196,'Audio interface');
Insert into ITSTOCK.TYPES (ID,NAME) values (162,'Laptop');
Insert into ITSTOCK.TYPES (ID,NAME) values (201,'Distributor');
Insert into ITSTOCK.TYPES (ID,NAME) values (205,'Webcam');
Insert into ITSTOCK.TYPES (ID,NAME) values (207,'Kit');
Insert into ITSTOCK.TYPES (ID,NAME) values (212,'LTO Tape');
Insert into ITSTOCK.TYPES (ID,NAME) values (213,'Keyboard');
Insert into ITSTOCK.TYPES (ID,NAME) values (215,'Extenders');
Insert into ITSTOCK.TYPES (ID,NAME) values (223,'USB');
Insert into ITSTOCK.TYPES (ID,NAME) values (264,'Graphics eXpansion Modules');
Insert into ITSTOCK.TYPES (ID,NAME) values (191,'Card Reader');
Insert into ITSTOCK.TYPES (ID,NAME) values (193,'Shuttle');
Insert into ITSTOCK.TYPES (ID,NAME) values (203,'External Video Card');
Insert into ITSTOCK.TYPES (ID,NAME) values (204,'TV Box');
Insert into ITSTOCK.TYPES (ID,NAME) values (206,'Adapters');
Insert into ITSTOCK.TYPES (ID,NAME) values (220,'DVD Drive');
Insert into ITSTOCK.TYPES (ID,NAME) values (181,'Mouse');
Insert into ITSTOCK.TYPES (ID,NAME) values (188,'Headset');
Insert into ITSTOCK.TYPES (ID,NAME) values (221,'External Hard Disk');
Insert into ITSTOCK.TYPES (ID,NAME) values (241,'Remove me');
Insert into ITSTOCK.TYPES (ID,NAME) values (243,'Internal Network Card');
REM INSERTING into ITSTOCK.TYPES_TYPES
SET DEFINE OFF;
--------------------------------------------------------
--  DDL for Index ACCESS_GROUPS_PK
--------------------------------------------------------

  CREATE UNIQUE INDEX "ITSTOCK"."ACCESS_GROUPS_PK" ON "ITSTOCK"."ACCESS_GROUPS" ("ID") 
  PCTFREE 10 INITRANS 2 MAXTRANS 255 COMPUTE STATISTICS 
  STORAGE(INITIAL 65536 NEXT 1048576 MINEXTENTS 1 MAXEXTENTS 2147483645
  PCTINCREASE 0 FREELISTS 1 FREELIST GROUPS 1
  BUFFER_POOL DEFAULT FLASH_CACHE DEFAULT CELL_FLASH_CACHE DEFAULT)
  TABLESPACE "USERS" ;
--------------------------------------------------------
--  DDL for Index ACCESS_GROUP_METHODS_PK
--------------------------------------------------------

  CREATE UNIQUE INDEX "ITSTOCK"."ACCESS_GROUP_METHODS_PK" ON "ITSTOCK"."ACCESS_GROUPS_METHODS" ("ID") 
  PCTFREE 10 INITRANS 2 MAXTRANS 255 COMPUTE STATISTICS 
  STORAGE(INITIAL 65536 NEXT 1048576 MINEXTENTS 1 MAXEXTENTS 2147483645
  PCTINCREASE 0 FREELISTS 1 FREELIST GROUPS 1
  BUFFER_POOL DEFAULT FLASH_CACHE DEFAULT CELL_FLASH_CACHE DEFAULT)
  TABLESPACE "USERS" ;
--------------------------------------------------------
--  DDL for Index ACCESS_GROUP_NAME
--------------------------------------------------------

  CREATE UNIQUE INDEX "ITSTOCK"."ACCESS_GROUP_NAME" ON "ITSTOCK"."ACCESS_GROUPS" ("NAME") 
  PCTFREE 10 INITRANS 2 MAXTRANS 255 COMPUTE STATISTICS 
  STORAGE(INITIAL 65536 NEXT 1048576 MINEXTENTS 1 MAXEXTENTS 2147483645
  PCTINCREASE 0 FREELISTS 1 FREELIST GROUPS 1
  BUFFER_POOL DEFAULT FLASH_CACHE DEFAULT CELL_FLASH_CACHE DEFAULT)
  TABLESPACE "USERS" ;
--------------------------------------------------------
--  DDL for Index METHODS_NAME_UNIQUE
--------------------------------------------------------

  CREATE UNIQUE INDEX "ITSTOCK"."METHODS_NAME_UNIQUE" ON "ITSTOCK"."METHODS" ("NAME") 
  PCTFREE 10 INITRANS 2 MAXTRANS 255 COMPUTE STATISTICS 
  STORAGE(INITIAL 65536 NEXT 1048576 MINEXTENTS 1 MAXEXTENTS 2147483645
  PCTINCREASE 0 FREELISTS 1 FREELIST GROUPS 1
  BUFFER_POOL DEFAULT FLASH_CACHE DEFAULT CELL_FLASH_CACHE DEFAULT)
  TABLESPACE "USERS" ;
--------------------------------------------------------
--  DDL for Index METHODS_PK
--------------------------------------------------------

  CREATE UNIQUE INDEX "ITSTOCK"."METHODS_PK" ON "ITSTOCK"."METHODS" ("ID") 
  PCTFREE 10 INITRANS 2 MAXTRANS 255 COMPUTE STATISTICS 
  STORAGE(INITIAL 65536 NEXT 1048576 MINEXTENTS 1 MAXEXTENTS 2147483645
  PCTINCREASE 0 FREELISTS 1 FREELIST GROUPS 1
  BUFFER_POOL DEFAULT FLASH_CACHE DEFAULT CELL_FLASH_CACHE DEFAULT)
  TABLESPACE "USERS" ;
--------------------------------------------------------
--  DDL for Index NAME_UNIQUE
--------------------------------------------------------

  CREATE UNIQUE INDEX "ITSTOCK"."NAME_UNIQUE" ON "ITSTOCK"."ITEM_CONDITIONS" ("NAME") 
  PCTFREE 10 INITRANS 2 MAXTRANS 255 COMPUTE STATISTICS 
  STORAGE(INITIAL 65536 NEXT 1048576 MINEXTENTS 1 MAXEXTENTS 2147483645
  PCTINCREASE 0 FREELISTS 1 FREELIST GROUPS 1
  BUFFER_POOL DEFAULT FLASH_CACHE DEFAULT CELL_FLASH_CACHE DEFAULT)
  TABLESPACE "USERS" ;
--------------------------------------------------------
--  DDL for Index RECEIPTS_PK
--------------------------------------------------------

  CREATE UNIQUE INDEX "ITSTOCK"."RECEIPTS_PK" ON "ITSTOCK"."RECEIPTS" ("ID") 
  PCTFREE 10 INITRANS 2 MAXTRANS 255 COMPUTE STATISTICS 
  STORAGE(INITIAL 65536 NEXT 1048576 MINEXTENTS 1 MAXEXTENTS 2147483645
  PCTINCREASE 0 FREELISTS 1 FREELIST GROUPS 1
  BUFFER_POOL DEFAULT FLASH_CACHE DEFAULT CELL_FLASH_CACHE DEFAULT)
  TABLESPACE "USERS" ;
--------------------------------------------------------
--  DDL for Index REMOTE_LOCATIONS_PK
--------------------------------------------------------

  CREATE UNIQUE INDEX "ITSTOCK"."REMOTE_LOCATIONS_PK" ON "ITSTOCK"."REMOTE_LOCATIONS" ("ID") 
  PCTFREE 10 INITRANS 2 MAXTRANS 255 COMPUTE STATISTICS 
  STORAGE(INITIAL 65536 NEXT 1048576 MINEXTENTS 1 MAXEXTENTS 2147483645
  PCTINCREASE 0 FREELISTS 1 FREELIST GROUPS 1
  BUFFER_POOL DEFAULT FLASH_CACHE DEFAULT CELL_FLASH_CACHE DEFAULT)
  TABLESPACE "USERS" ;
--------------------------------------------------------
--  DDL for Index SPECS_NAME_UNIQUE
--------------------------------------------------------

  CREATE UNIQUE INDEX "ITSTOCK"."SPECS_NAME_UNIQUE" ON "ITSTOCK"."SPECS" ("NAME") 
  PCTFREE 10 INITRANS 2 MAXTRANS 255 COMPUTE STATISTICS 
  STORAGE(INITIAL 65536 NEXT 1048576 MINEXTENTS 1 MAXEXTENTS 2147483645
  PCTINCREASE 0 FREELISTS 1 FREELIST GROUPS 1
  BUFFER_POOL DEFAULT FLASH_CACHE DEFAULT CELL_FLASH_CACHE DEFAULT)
  TABLESPACE "USERS" ;
--------------------------------------------------------
--  DDL for Index SPECS_PK
--------------------------------------------------------

  CREATE UNIQUE INDEX "ITSTOCK"."SPECS_PK" ON "ITSTOCK"."SPECS" ("ID") 
  PCTFREE 10 INITRANS 2 MAXTRANS 255 COMPUTE STATISTICS 
  STORAGE(INITIAL 65536 NEXT 1048576 MINEXTENTS 1 MAXEXTENTS 2147483645
  PCTINCREASE 0 FREELISTS 1 FREELIST GROUPS 1
  BUFFER_POOL DEFAULT FLASH_CACHE DEFAULT CELL_FLASH_CACHE DEFAULT)
  TABLESPACE "USERS" ;
--------------------------------------------------------
--  DDL for Index SPECS_TYPES_PK
--------------------------------------------------------

  CREATE UNIQUE INDEX "ITSTOCK"."SPECS_TYPES_PK" ON "ITSTOCK"."SPECS_TYPES" ("ID") 
  PCTFREE 10 INITRANS 2 MAXTRANS 255 COMPUTE STATISTICS 
  STORAGE(INITIAL 65536 NEXT 1048576 MINEXTENTS 1 MAXEXTENTS 2147483645
  PCTINCREASE 0 FREELISTS 1 FREELIST GROUPS 1
  BUFFER_POOL DEFAULT FLASH_CACHE DEFAULT CELL_FLASH_CACHE DEFAULT)
  TABLESPACE "USERS" ;
--------------------------------------------------------
--  DDL for Index BRANDS_NAME_UNIQUE
--------------------------------------------------------

  CREATE UNIQUE INDEX "ITSTOCK"."BRANDS_NAME_UNIQUE" ON "ITSTOCK"."BRANDS" ("NAME") 
  PCTFREE 10 INITRANS 2 MAXTRANS 255 COMPUTE STATISTICS 
  STORAGE(INITIAL 65536 NEXT 1048576 MINEXTENTS 1 MAXEXTENTS 2147483645
  PCTINCREASE 0 FREELISTS 1 FREELIST GROUPS 1
  BUFFER_POOL DEFAULT FLASH_CACHE DEFAULT CELL_FLASH_CACHE DEFAULT)
  TABLESPACE "USERS" ;
--------------------------------------------------------
--  DDL for Index BRANDS_PK
--------------------------------------------------------

  CREATE UNIQUE INDEX "ITSTOCK"."BRANDS_PK" ON "ITSTOCK"."BRANDS" ("ID") 
  PCTFREE 10 INITRANS 2 MAXTRANS 255 COMPUTE STATISTICS 
  STORAGE(INITIAL 65536 NEXT 1048576 MINEXTENTS 1 MAXEXTENTS 2147483645
  PCTINCREASE 0 FREELISTS 1 FREELIST GROUPS 1
  BUFFER_POOL DEFAULT FLASH_CACHE DEFAULT CELL_FLASH_CACHE DEFAULT)
  TABLESPACE "USERS" ;
--------------------------------------------------------
--  DDL for Index CLIENTS_NAME_UNIQUE
--------------------------------------------------------

  CREATE UNIQUE INDEX "ITSTOCK"."CLIENTS_NAME_UNIQUE" ON "ITSTOCK"."CLIENTS" ("NAME") 
  PCTFREE 10 INITRANS 2 MAXTRANS 255 COMPUTE STATISTICS 
  STORAGE(INITIAL 65536 NEXT 1048576 MINEXTENTS 1 MAXEXTENTS 2147483645
  PCTINCREASE 0 FREELISTS 1 FREELIST GROUPS 1
  BUFFER_POOL DEFAULT FLASH_CACHE DEFAULT CELL_FLASH_CACHE DEFAULT)
  TABLESPACE "USERS" ;
--------------------------------------------------------
--  DDL for Index CLIENTS_PK
--------------------------------------------------------

  CREATE UNIQUE INDEX "ITSTOCK"."CLIENTS_PK" ON "ITSTOCK"."CLIENTS" ("ID") 
  PCTFREE 10 INITRANS 2 MAXTRANS 255 COMPUTE STATISTICS 
  STORAGE(INITIAL 65536 NEXT 1048576 MINEXTENTS 1 MAXEXTENTS 2147483645
  PCTINCREASE 0 FREELISTS 1 FREELIST GROUPS 1
  BUFFER_POOL DEFAULT FLASH_CACHE DEFAULT CELL_FLASH_CACHE DEFAULT)
  TABLESPACE "USERS" ;
--------------------------------------------------------
--  DDL for Index ITEMSPECVALUES_PK
--------------------------------------------------------

  CREATE UNIQUE INDEX "ITSTOCK"."ITEMSPECVALUES_PK" ON "ITSTOCK"."ITEMSPECVALUES" ("ID") 
  PCTFREE 10 INITRANS 2 MAXTRANS 255 COMPUTE STATISTICS 
  STORAGE(INITIAL 65536 NEXT 1048576 MINEXTENTS 1 MAXEXTENTS 2147483645
  PCTINCREASE 0 FREELISTS 1 FREELIST GROUPS 1
  BUFFER_POOL DEFAULT FLASH_CACHE DEFAULT CELL_FLASH_CACHE DEFAULT)
  TABLESPACE "USERS" ;
--------------------------------------------------------
--  DDL for Index ITEMS_LABEL_UNIQUE
--------------------------------------------------------

  CREATE UNIQUE INDEX "ITSTOCK"."ITEMS_LABEL_UNIQUE" ON "ITSTOCK"."ITEMS" ("LABEL") 
  PCTFREE 10 INITRANS 2 MAXTRANS 255 COMPUTE STATISTICS 
  STORAGE(INITIAL 65536 NEXT 1048576 MINEXTENTS 1 MAXEXTENTS 2147483645
  PCTINCREASE 0 FREELISTS 1 FREELIST GROUPS 1
  BUFFER_POOL DEFAULT FLASH_CACHE DEFAULT CELL_FLASH_CACHE DEFAULT)
  TABLESPACE "USERS" ;
--------------------------------------------------------
--  DDL for Index ITEMS_PK
--------------------------------------------------------

  CREATE UNIQUE INDEX "ITSTOCK"."ITEMS_PK" ON "ITSTOCK"."ITEMS" ("ID") 
  PCTFREE 10 INITRANS 2 MAXTRANS 255 COMPUTE STATISTICS 
  STORAGE(INITIAL 65536 NEXT 1048576 MINEXTENTS 1 MAXEXTENTS 2147483645
  PCTINCREASE 0 FREELISTS 1 FREELIST GROUPS 1
  BUFFER_POOL DEFAULT FLASH_CACHE DEFAULT CELL_FLASH_CACHE DEFAULT)
  TABLESPACE "USERS" ;
--------------------------------------------------------
--  DDL for Index ITEM_CONDITIONS_PK
--------------------------------------------------------

  CREATE UNIQUE INDEX "ITSTOCK"."ITEM_CONDITIONS_PK" ON "ITSTOCK"."ITEM_CONDITIONS" ("ID") 
  PCTFREE 10 INITRANS 2 MAXTRANS 255 COMPUTE STATISTICS 
  STORAGE(INITIAL 65536 NEXT 1048576 MINEXTENTS 1 MAXEXTENTS 2147483645
  PCTINCREASE 0 FREELISTS 1 FREELIST GROUPS 1
  BUFFER_POOL DEFAULT FLASH_CACHE DEFAULT CELL_FLASH_CACHE DEFAULT)
  TABLESPACE "USERS" ;
--------------------------------------------------------
--  DDL for Index LOCATIONS_NAME_UNIQUE
--------------------------------------------------------

  CREATE UNIQUE INDEX "ITSTOCK"."LOCATIONS_NAME_UNIQUE" ON "ITSTOCK"."LOCATIONS" ("NAME") 
  PCTFREE 10 INITRANS 2 MAXTRANS 255 COMPUTE STATISTICS 
  STORAGE(INITIAL 65536 NEXT 1048576 MINEXTENTS 1 MAXEXTENTS 2147483645
  PCTINCREASE 0 FREELISTS 1 FREELIST GROUPS 1
  BUFFER_POOL DEFAULT FLASH_CACHE DEFAULT CELL_FLASH_CACHE DEFAULT)
  TABLESPACE "USERS" ;
--------------------------------------------------------
--  DDL for Index LOCATIONS_PK
--------------------------------------------------------

  CREATE UNIQUE INDEX "ITSTOCK"."LOCATIONS_PK" ON "ITSTOCK"."LOCATIONS" ("ID") 
  PCTFREE 10 INITRANS 2 MAXTRANS 255 COMPUTE STATISTICS 
  STORAGE(INITIAL 65536 NEXT 1048576 MINEXTENTS 1 MAXEXTENTS 2147483645
  PCTINCREASE 0 FREELISTS 1 FREELIST GROUPS 1
  BUFFER_POOL DEFAULT FLASH_CACHE DEFAULT CELL_FLASH_CACHE DEFAULT)
  TABLESPACE "USERS" ;
--------------------------------------------------------
--  DDL for Index TABLE1_PK
--------------------------------------------------------

  CREATE UNIQUE INDEX "ITSTOCK"."TABLE1_PK" ON "ITSTOCK"."ADMINS" ("ID") 
  PCTFREE 10 INITRANS 2 MAXTRANS 255 COMPUTE STATISTICS 
  STORAGE(INITIAL 65536 NEXT 1048576 MINEXTENTS 1 MAXEXTENTS 2147483645
  PCTINCREASE 0 FREELISTS 1 FREELIST GROUPS 1
  BUFFER_POOL DEFAULT FLASH_CACHE DEFAULT CELL_FLASH_CACHE DEFAULT)
  TABLESPACE "USERS" ;
--------------------------------------------------------
--  DDL for Index TABLE2_PK
--------------------------------------------------------

  CREATE UNIQUE INDEX "ITSTOCK"."TABLE2_PK" ON "ITSTOCK"."RECORDS" ("ID") 
  PCTFREE 10 INITRANS 2 MAXTRANS 255 COMPUTE STATISTICS 
  STORAGE(INITIAL 65536 NEXT 1048576 MINEXTENTS 1 MAXEXTENTS 2147483645
  PCTINCREASE 0 FREELISTS 1 FREELIST GROUPS 1
  BUFFER_POOL DEFAULT FLASH_CACHE DEFAULT CELL_FLASH_CACHE DEFAULT)
  TABLESPACE "USERS" ;
--------------------------------------------------------
--  DDL for Index TYPES_NAME_UNIQUE
--------------------------------------------------------

  CREATE UNIQUE INDEX "ITSTOCK"."TYPES_NAME_UNIQUE" ON "ITSTOCK"."TYPES" ("NAME") 
  PCTFREE 10 INITRANS 2 MAXTRANS 255 COMPUTE STATISTICS 
  STORAGE(INITIAL 65536 NEXT 1048576 MINEXTENTS 1 MAXEXTENTS 2147483645
  PCTINCREASE 0 FREELISTS 1 FREELIST GROUPS 1
  BUFFER_POOL DEFAULT FLASH_CACHE DEFAULT CELL_FLASH_CACHE DEFAULT)
  TABLESPACE "USERS" ;
--------------------------------------------------------
--  DDL for Index TYPES_PK
--------------------------------------------------------

  CREATE UNIQUE INDEX "ITSTOCK"."TYPES_PK" ON "ITSTOCK"."TYPES" ("ID") 
  PCTFREE 10 INITRANS 2 MAXTRANS 255 COMPUTE STATISTICS 
  STORAGE(INITIAL 65536 NEXT 1048576 MINEXTENTS 1 MAXEXTENTS 2147483645
  PCTINCREASE 0 FREELISTS 1 FREELIST GROUPS 1
  BUFFER_POOL DEFAULT FLASH_CACHE DEFAULT CELL_FLASH_CACHE DEFAULT)
  TABLESPACE "USERS" ;
--------------------------------------------------------
--  DDL for Index TYPES_TYPES_PK
--------------------------------------------------------

  CREATE UNIQUE INDEX "ITSTOCK"."TYPES_TYPES_PK" ON "ITSTOCK"."TYPES_TYPES" ("ID") 
  PCTFREE 10 INITRANS 2 MAXTRANS 255 COMPUTE STATISTICS 
  TABLESPACE "USERS" ;
--------------------------------------------------------
--  DDL for Index UNIQUE_ADMINS_NAME
--------------------------------------------------------

  CREATE UNIQUE INDEX "ITSTOCK"."UNIQUE_ADMINS_NAME" ON "ITSTOCK"."ADMINS" ("NAME") 
  PCTFREE 10 INITRANS 2 MAXTRANS 255 COMPUTE STATISTICS 
  STORAGE(INITIAL 65536 NEXT 1048576 MINEXTENTS 1 MAXEXTENTS 2147483645
  PCTINCREASE 0 FREELISTS 1 FREELIST GROUPS 1
  BUFFER_POOL DEFAULT FLASH_CACHE DEFAULT CELL_FLASH_CACHE DEFAULT)
  TABLESPACE "USERS" ;
--------------------------------------------------------
--  DDL for Trigger ACCESS_GROUPS_TRG
--------------------------------------------------------

  CREATE OR REPLACE EDITIONABLE TRIGGER "ITSTOCK"."ACCESS_GROUPS_TRG" 
BEFORE INSERT ON ACCESS_GROUPS 
FOR EACH ROW 
BEGIN
  <<COLUMN_SEQUENCES>>
  BEGIN
    IF INSERTING AND :NEW.ID IS NULL THEN
      SELECT ACCESS_GROUPS_SEQ.NEXTVAL INTO :NEW.ID FROM SYS.DUAL;
    END IF;
  END COLUMN_SEQUENCES;
END;
/
ALTER TRIGGER "ITSTOCK"."ACCESS_GROUPS_TRG" ENABLE;
--------------------------------------------------------
--  DDL for Trigger ACCESS_GROUP_METHODS_TRG
--------------------------------------------------------

  CREATE OR REPLACE EDITIONABLE TRIGGER "ITSTOCK"."ACCESS_GROUP_METHODS_TRG" 
BEFORE INSERT ON "ACCESS_GROUPS_METHODS" 
FOR EACH ROW 
BEGIN
  <<COLUMN_SEQUENCES>>
  BEGIN
    IF INSERTING AND :NEW.ID IS NULL THEN
      SELECT ACCESS_GROUP_METHODS_SEQ.NEXTVAL INTO :NEW.ID FROM SYS.DUAL;
    END IF;
  END COLUMN_SEQUENCES;
END;
/
ALTER TRIGGER "ITSTOCK"."ACCESS_GROUP_METHODS_TRG" ENABLE;
--------------------------------------------------------
--  DDL for Trigger ADMINS_TRG
--------------------------------------------------------

  CREATE OR REPLACE EDITIONABLE TRIGGER "ITSTOCK"."ADMINS_TRG" 
BEFORE INSERT ON ADMINS 
FOR EACH ROW 
BEGIN
  <<COLUMN_SEQUENCES>>
  BEGIN
    IF INSERTING AND :NEW.ID IS NULL THEN
      SELECT ADMINS_SEQ.NEXTVAL INTO :NEW.ID FROM SYS.DUAL;
    END IF;
  END COLUMN_SEQUENCES;
END;
/
ALTER TRIGGER "ITSTOCK"."ADMINS_TRG" ENABLE;
--------------------------------------------------------
--  DDL for Trigger BRANDS_TRG
--------------------------------------------------------

  CREATE OR REPLACE EDITIONABLE TRIGGER "ITSTOCK"."BRANDS_TRG" 
BEFORE INSERT ON BRANDS 
FOR EACH ROW 
BEGIN
  <<COLUMN_SEQUENCES>>
  BEGIN
    IF INSERTING AND :NEW.ID IS NULL THEN
      SELECT BRANDS_SEQ.NEXTVAL INTO :NEW.ID FROM SYS.DUAL;
    END IF;
  END COLUMN_SEQUENCES;
END;
/
ALTER TRIGGER "ITSTOCK"."BRANDS_TRG" ENABLE;
--------------------------------------------------------
--  DDL for Trigger CLIENTS_TRG
--------------------------------------------------------

  CREATE OR REPLACE EDITIONABLE TRIGGER "ITSTOCK"."CLIENTS_TRG" 
BEFORE INSERT ON CLIENTS 
FOR EACH ROW 
BEGIN
  <<COLUMN_SEQUENCES>>
  BEGIN
    IF INSERTING AND :NEW.ID IS NULL THEN
      SELECT CLIENTS_SEQ.NEXTVAL INTO :NEW.ID FROM SYS.DUAL;
    END IF;
  END COLUMN_SEQUENCES;
END;
/
ALTER TRIGGER "ITSTOCK"."CLIENTS_TRG" ENABLE;
--------------------------------------------------------
--  DDL for Trigger ITEMSPECVALUES_TRG
--------------------------------------------------------

  CREATE OR REPLACE EDITIONABLE TRIGGER "ITSTOCK"."ITEMSPECVALUES_TRG" 
BEFORE INSERT ON ITEMSPECVALUES 
FOR EACH ROW 
BEGIN
  <<COLUMN_SEQUENCES>>
  BEGIN
    IF INSERTING AND :NEW.ID IS NULL THEN
      SELECT ITEMSPECVALUES_SEQ.NEXTVAL INTO :NEW.ID FROM SYS.DUAL;
    END IF;
  END COLUMN_SEQUENCES;
END;
/
ALTER TRIGGER "ITSTOCK"."ITEMSPECVALUES_TRG" ENABLE;
--------------------------------------------------------
--  DDL for Trigger ITEMS_TRG
--------------------------------------------------------

  CREATE OR REPLACE EDITIONABLE TRIGGER "ITSTOCK"."ITEMS_TRG" 
   before insert on "ITSTOCK"."ITEMS" 
   for each row 
begin  
   if inserting then 
      if :NEW."ID" is null then 
         select ITEMS_SEQ.nextval into :NEW."ID" from dual; 
      end if; 
   end if; 
end;

/
ALTER TRIGGER "ITSTOCK"."ITEMS_TRG" ENABLE;
--------------------------------------------------------
--  DDL for Trigger ITEM_CONDITIONS_TRG
--------------------------------------------------------

  CREATE OR REPLACE EDITIONABLE TRIGGER "ITSTOCK"."ITEM_CONDITIONS_TRG" 
BEFORE INSERT ON ITEM_CONDITIONS 
FOR EACH ROW 
BEGIN
  <<COLUMN_SEQUENCES>>
  BEGIN
    IF INSERTING AND :NEW.ID IS NULL THEN
      SELECT ITEM_CONDITIONS_SEQ.NEXTVAL INTO :NEW.ID FROM SYS.DUAL;
    END IF;
  END COLUMN_SEQUENCES;
END;
/
ALTER TRIGGER "ITSTOCK"."ITEM_CONDITIONS_TRG" ENABLE;
--------------------------------------------------------
--  DDL for Trigger LOCATIONS_TRG
--------------------------------------------------------

  CREATE OR REPLACE EDITIONABLE TRIGGER "ITSTOCK"."LOCATIONS_TRG" 
BEFORE INSERT ON LOCATIONS 
FOR EACH ROW 
BEGIN
  <<COLUMN_SEQUENCES>>
  BEGIN
    IF INSERTING AND :NEW.ID IS NULL THEN
      SELECT LOCATIONS_SEQ.NEXTVAL INTO :NEW.ID FROM SYS.DUAL;
    END IF;
  END COLUMN_SEQUENCES;
END;
/
ALTER TRIGGER "ITSTOCK"."LOCATIONS_TRG" ENABLE;
--------------------------------------------------------
--  DDL for Trigger METHODS_TRG
--------------------------------------------------------

  CREATE OR REPLACE EDITIONABLE TRIGGER "ITSTOCK"."METHODS_TRG" 
BEFORE INSERT ON METHODS 
FOR EACH ROW 
BEGIN
  <<COLUMN_SEQUENCES>>
  BEGIN
    IF INSERTING AND :NEW.ID IS NULL THEN
      SELECT METHODS_SEQ.NEXTVAL INTO :NEW.ID FROM SYS.DUAL;
    END IF;
  END COLUMN_SEQUENCES;
END;
/
ALTER TRIGGER "ITSTOCK"."METHODS_TRG" ENABLE;
--------------------------------------------------------
--  DDL for Trigger RECEIPTS_TRG
--------------------------------------------------------

  CREATE OR REPLACE EDITIONABLE TRIGGER "ITSTOCK"."RECEIPTS_TRG" 
BEFORE INSERT ON RECEIPTS 
FOR EACH ROW 
BEGIN
  <<COLUMN_SEQUENCES>>
  BEGIN
    IF INSERTING AND :NEW.ID IS NULL THEN
      SELECT RECEIPTS_SEQ.NEXTVAL INTO :NEW.ID FROM SYS.DUAL;
    END IF;
  END COLUMN_SEQUENCES;
END;
/
ALTER TRIGGER "ITSTOCK"."RECEIPTS_TRG" ENABLE;
--------------------------------------------------------
--  DDL for Trigger RECORDS_TRG
--------------------------------------------------------

  CREATE OR REPLACE EDITIONABLE TRIGGER "ITSTOCK"."RECORDS_TRG" 
BEFORE INSERT ON RECORDS 
FOR EACH ROW 
BEGIN
  <<COLUMN_SEQUENCES>>
  BEGIN
    IF INSERTING AND :NEW.ID IS NULL THEN
      SELECT RECORDS_SEQ.NEXTVAL INTO :NEW.ID FROM SYS.DUAL;
    END IF;
  END COLUMN_SEQUENCES;
END;
/
ALTER TRIGGER "ITSTOCK"."RECORDS_TRG" ENABLE;
--------------------------------------------------------
--  DDL for Trigger REMOTE_LOCATIONS_TRG
--------------------------------------------------------

  CREATE OR REPLACE EDITIONABLE TRIGGER "ITSTOCK"."REMOTE_LOCATIONS_TRG" 
BEFORE INSERT ON REMOTE_LOCATIONS 
FOR EACH ROW 
BEGIN
  <<COLUMN_SEQUENCES>>
  BEGIN
    IF INSERTING AND :NEW.ID IS NULL THEN
      SELECT REMOTE_LOCATIONS_SEQ.NEXTVAL INTO :NEW.ID FROM SYS.DUAL;
    END IF;
  END COLUMN_SEQUENCES;
END;
/
ALTER TRIGGER "ITSTOCK"."REMOTE_LOCATIONS_TRG" ENABLE;
--------------------------------------------------------
--  DDL for Trigger SPECS_TRG
--------------------------------------------------------

  CREATE OR REPLACE EDITIONABLE TRIGGER "ITSTOCK"."SPECS_TRG" 
BEFORE INSERT ON SPECS 
FOR EACH ROW 
BEGIN
  <<COLUMN_SEQUENCES>>
  BEGIN
    IF INSERTING AND :NEW.ID IS NULL THEN
      SELECT SPECS_SEQ.NEXTVAL INTO :NEW.ID FROM SYS.DUAL;
    END IF;
  END COLUMN_SEQUENCES;
END;
/
ALTER TRIGGER "ITSTOCK"."SPECS_TRG" ENABLE;
--------------------------------------------------------
--  DDL for Trigger SPECS_TYPES_TRG
--------------------------------------------------------

  CREATE OR REPLACE EDITIONABLE TRIGGER "ITSTOCK"."SPECS_TYPES_TRG" 
BEFORE INSERT ON SPECS_TYPES 
FOR EACH ROW 
BEGIN
  <<COLUMN_SEQUENCES>>
  BEGIN
    IF INSERTING AND :NEW.ID IS NULL THEN
      SELECT SPECS_TYPES_SEQ.NEXTVAL INTO :NEW.ID FROM SYS.DUAL;
    END IF;
  END COLUMN_SEQUENCES;
END;
/
ALTER TRIGGER "ITSTOCK"."SPECS_TYPES_TRG" ENABLE;
--------------------------------------------------------
--  DDL for Trigger TRIGGER_ITEM_AVAILABILITY_OUT
--------------------------------------------------------

  CREATE OR REPLACE EDITIONABLE TRIGGER "ITSTOCK"."TRIGGER_ITEM_AVAILABILITY_OUT" 
AFTER INSERT ON RECORDS 
FOR EACH ROW
BEGIN
  UPDATE ITEMS SET AVAILABILITY = 0 WHERE ID = :NEW.ITEM_ID;
END;
/
ALTER TRIGGER "ITSTOCK"."TRIGGER_ITEM_AVAILABILITY_OUT" ENABLE;
--------------------------------------------------------
--  DDL for Trigger TRIGGER_ITEM_DELETE
--------------------------------------------------------

  CREATE OR REPLACE EDITIONABLE TRIGGER "ITSTOCK"."TRIGGER_ITEM_DELETE" 
BEFORE UPDATE 
  OF DELETED
  ON ITEMS
  FOR EACH ROW

BEGIN
IF :NEW.DELETED = '1' THEN
  DELETE FROM ITEMSPECVALUES WHERE ITEM_ID = :OLD.ID;
  UPDATE RECORDS SET DELETED = 1 WHERE ITEM_ID = :OLD.ID; 
  :NEW.LABEL := '!$#' || :OLD.LABEL || '!$#' || :OLD.ID;
  :NEW.SERIAL_NUMBER := '!$#' || :OLD.SERIAL_NUMBER || '!$#' || :OLD.ID;
END IF;
END;
/
ALTER TRIGGER "ITSTOCK"."TRIGGER_ITEM_DELETE" ENABLE;
--------------------------------------------------------
--  DDL for Trigger TYPES_TRG
--------------------------------------------------------

  CREATE OR REPLACE EDITIONABLE TRIGGER "ITSTOCK"."TYPES_TRG" 
BEFORE INSERT ON TYPES 
FOR EACH ROW 
BEGIN
  <<COLUMN_SEQUENCES>>
  BEGIN
    IF INSERTING AND :NEW.ID IS NULL THEN
      SELECT TYPES_SEQ.NEXTVAL INTO :NEW.ID FROM SYS.DUAL;
    END IF;
  END COLUMN_SEQUENCES;
END;
/
ALTER TRIGGER "ITSTOCK"."TYPES_TRG" ENABLE;
--------------------------------------------------------
--  DDL for Trigger TYPES_TYPES_TRG
--------------------------------------------------------

  CREATE OR REPLACE EDITIONABLE TRIGGER "ITSTOCK"."TYPES_TYPES_TRG" 
BEFORE INSERT ON TYPES_TYPES 
FOR EACH ROW 
BEGIN
  <<COLUMN_SEQUENCES>>
  BEGIN
    IF INSERTING AND :NEW.ID IS NULL THEN
      SELECT TYPES_TYPES_SEQ.NEXTVAL INTO :NEW.ID FROM SYS.DUAL;
    END IF;
  END COLUMN_SEQUENCES;
END;
/
ALTER TRIGGER "ITSTOCK"."TYPES_TYPES_TRG" ENABLE;
--------------------------------------------------------
--  DDL for Procedure DELETE_SPEC
--------------------------------------------------------
set define off;

  CREATE OR REPLACE EDITIONABLE PROCEDURE "ITSTOCK"."DELETE_SPEC" AS 
BEGIN
  
  NULL;
END DELETE_SPEC;

/
--------------------------------------------------------
--  Constraints for Table ADMINS
--------------------------------------------------------

  ALTER TABLE "ITSTOCK"."ADMINS" ADD CONSTRAINT "UNIQUE_ADMINS_NAME" UNIQUE ("NAME")
  USING INDEX PCTFREE 10 INITRANS 2 MAXTRANS 255 COMPUTE STATISTICS 
  STORAGE(INITIAL 65536 NEXT 1048576 MINEXTENTS 1 MAXEXTENTS 2147483645
  PCTINCREASE 0 FREELISTS 1 FREELIST GROUPS 1
  BUFFER_POOL DEFAULT FLASH_CACHE DEFAULT CELL_FLASH_CACHE DEFAULT)
  TABLESPACE "USERS"  ENABLE;
  ALTER TABLE "ITSTOCK"."ADMINS" ADD CONSTRAINT "TABLE1_PK" PRIMARY KEY ("ID")
  USING INDEX PCTFREE 10 INITRANS 2 MAXTRANS 255 COMPUTE STATISTICS 
  STORAGE(INITIAL 65536 NEXT 1048576 MINEXTENTS 1 MAXEXTENTS 2147483645
  PCTINCREASE 0 FREELISTS 1 FREELIST GROUPS 1
  BUFFER_POOL DEFAULT FLASH_CACHE DEFAULT CELL_FLASH_CACHE DEFAULT)
  TABLESPACE "USERS"  ENABLE;
  ALTER TABLE "ITSTOCK"."ADMINS" MODIFY ("ID" NOT NULL ENABLE);
--------------------------------------------------------
--  Constraints for Table SPECS_TYPES
--------------------------------------------------------

  ALTER TABLE "ITSTOCK"."SPECS_TYPES" ADD CONSTRAINT "SPECS_TYPES_PK" PRIMARY KEY ("ID")
  USING INDEX PCTFREE 10 INITRANS 2 MAXTRANS 255 COMPUTE STATISTICS 
  STORAGE(INITIAL 65536 NEXT 1048576 MINEXTENTS 1 MAXEXTENTS 2147483645
  PCTINCREASE 0 FREELISTS 1 FREELIST GROUPS 1
  BUFFER_POOL DEFAULT FLASH_CACHE DEFAULT CELL_FLASH_CACHE DEFAULT)
  TABLESPACE "USERS"  ENABLE;
  ALTER TABLE "ITSTOCK"."SPECS_TYPES" MODIFY ("ID" NOT NULL ENABLE);
--------------------------------------------------------
--  Constraints for Table LOCATIONS
--------------------------------------------------------

  ALTER TABLE "ITSTOCK"."LOCATIONS" ADD CONSTRAINT "LOCATIONS_NAME_UNIQUE" UNIQUE ("NAME")
  USING INDEX PCTFREE 10 INITRANS 2 MAXTRANS 255 COMPUTE STATISTICS 
  STORAGE(INITIAL 65536 NEXT 1048576 MINEXTENTS 1 MAXEXTENTS 2147483645
  PCTINCREASE 0 FREELISTS 1 FREELIST GROUPS 1
  BUFFER_POOL DEFAULT FLASH_CACHE DEFAULT CELL_FLASH_CACHE DEFAULT)
  TABLESPACE "USERS"  ENABLE;
  ALTER TABLE "ITSTOCK"."LOCATIONS" ADD CONSTRAINT "LOCATIONS_PK" PRIMARY KEY ("ID")
  USING INDEX PCTFREE 10 INITRANS 2 MAXTRANS 255 COMPUTE STATISTICS 
  STORAGE(INITIAL 65536 NEXT 1048576 MINEXTENTS 1 MAXEXTENTS 2147483645
  PCTINCREASE 0 FREELISTS 1 FREELIST GROUPS 1
  BUFFER_POOL DEFAULT FLASH_CACHE DEFAULT CELL_FLASH_CACHE DEFAULT)
  TABLESPACE "USERS"  ENABLE;
  ALTER TABLE "ITSTOCK"."LOCATIONS" MODIFY ("ID" NOT NULL ENABLE);
--------------------------------------------------------
--  Constraints for Table RECEIPTS
--------------------------------------------------------

  ALTER TABLE "ITSTOCK"."RECEIPTS" ADD CONSTRAINT "RECEIPTS_PK" PRIMARY KEY ("ID")
  USING INDEX PCTFREE 10 INITRANS 2 MAXTRANS 255 COMPUTE STATISTICS 
  STORAGE(INITIAL 65536 NEXT 1048576 MINEXTENTS 1 MAXEXTENTS 2147483645
  PCTINCREASE 0 FREELISTS 1 FREELIST GROUPS 1
  BUFFER_POOL DEFAULT FLASH_CACHE DEFAULT CELL_FLASH_CACHE DEFAULT)
  TABLESPACE "USERS"  ENABLE;
  ALTER TABLE "ITSTOCK"."RECEIPTS" MODIFY ("ID" NOT NULL ENABLE);
--------------------------------------------------------
--  Constraints for Table RECORDS
--------------------------------------------------------

  ALTER TABLE "ITSTOCK"."RECORDS" MODIFY ("RETURNING" NOT NULL ENABLE);
  ALTER TABLE "ITSTOCK"."RECORDS" MODIFY ("DELETED" NOT NULL ENABLE);
  ALTER TABLE "ITSTOCK"."RECORDS" ADD CONSTRAINT "TABLE2_PK" PRIMARY KEY ("ID")
  USING INDEX PCTFREE 10 INITRANS 2 MAXTRANS 255 COMPUTE STATISTICS 
  STORAGE(INITIAL 65536 NEXT 1048576 MINEXTENTS 1 MAXEXTENTS 2147483645
  PCTINCREASE 0 FREELISTS 1 FREELIST GROUPS 1
  BUFFER_POOL DEFAULT FLASH_CACHE DEFAULT CELL_FLASH_CACHE DEFAULT)
  TABLESPACE "USERS"  ENABLE;
  ALTER TABLE "ITSTOCK"."RECORDS" MODIFY ("ID" NOT NULL ENABLE);
--------------------------------------------------------
--  Constraints for Table REMOTE_LOCATIONS
--------------------------------------------------------

  ALTER TABLE "ITSTOCK"."REMOTE_LOCATIONS" ADD CONSTRAINT "REMOTE_LOCATIONS_PK" PRIMARY KEY ("ID")
  USING INDEX PCTFREE 10 INITRANS 2 MAXTRANS 255 COMPUTE STATISTICS 
  STORAGE(INITIAL 65536 NEXT 1048576 MINEXTENTS 1 MAXEXTENTS 2147483645
  PCTINCREASE 0 FREELISTS 1 FREELIST GROUPS 1
  BUFFER_POOL DEFAULT FLASH_CACHE DEFAULT CELL_FLASH_CACHE DEFAULT)
  TABLESPACE "USERS"  ENABLE;
  ALTER TABLE "ITSTOCK"."REMOTE_LOCATIONS" MODIFY ("NAME" NOT NULL ENABLE);
  ALTER TABLE "ITSTOCK"."REMOTE_LOCATIONS" MODIFY ("ID" NOT NULL ENABLE);
--------------------------------------------------------
--  Constraints for Table BRANDS
--------------------------------------------------------

  ALTER TABLE "ITSTOCK"."BRANDS" ADD CONSTRAINT "BRANDS_NAME_UNIQUE" UNIQUE ("NAME")
  USING INDEX PCTFREE 10 INITRANS 2 MAXTRANS 255 COMPUTE STATISTICS 
  STORAGE(INITIAL 65536 NEXT 1048576 MINEXTENTS 1 MAXEXTENTS 2147483645
  PCTINCREASE 0 FREELISTS 1 FREELIST GROUPS 1
  BUFFER_POOL DEFAULT FLASH_CACHE DEFAULT CELL_FLASH_CACHE DEFAULT)
  TABLESPACE "USERS"  ENABLE;
  ALTER TABLE "ITSTOCK"."BRANDS" ADD CONSTRAINT "BRANDS_PK" PRIMARY KEY ("ID")
  USING INDEX PCTFREE 10 INITRANS 2 MAXTRANS 255 COMPUTE STATISTICS 
  STORAGE(INITIAL 65536 NEXT 1048576 MINEXTENTS 1 MAXEXTENTS 2147483645
  PCTINCREASE 0 FREELISTS 1 FREELIST GROUPS 1
  BUFFER_POOL DEFAULT FLASH_CACHE DEFAULT CELL_FLASH_CACHE DEFAULT)
  TABLESPACE "USERS"  ENABLE;
  ALTER TABLE "ITSTOCK"."BRANDS" MODIFY ("ID" NOT NULL ENABLE);
--------------------------------------------------------
--  Constraints for Table ACCESS_GROUPS_METHODS
--------------------------------------------------------

  ALTER TABLE "ITSTOCK"."ACCESS_GROUPS_METHODS" ADD CONSTRAINT "ACCESS_GROUP_METHODS_PK" PRIMARY KEY ("ID")
  USING INDEX PCTFREE 10 INITRANS 2 MAXTRANS 255 COMPUTE STATISTICS 
  STORAGE(INITIAL 65536 NEXT 1048576 MINEXTENTS 1 MAXEXTENTS 2147483645
  PCTINCREASE 0 FREELISTS 1 FREELIST GROUPS 1
  BUFFER_POOL DEFAULT FLASH_CACHE DEFAULT CELL_FLASH_CACHE DEFAULT)
  TABLESPACE "USERS"  ENABLE;
  ALTER TABLE "ITSTOCK"."ACCESS_GROUPS_METHODS" MODIFY ("ID" NOT NULL ENABLE);
--------------------------------------------------------
--  Constraints for Table ITEMSPECVALUES
--------------------------------------------------------

  ALTER TABLE "ITSTOCK"."ITEMSPECVALUES" MODIFY ("SPEC_ID" NOT NULL ENABLE);
  ALTER TABLE "ITSTOCK"."ITEMSPECVALUES" MODIFY ("ITEM_ID" NOT NULL ENABLE);
  ALTER TABLE "ITSTOCK"."ITEMSPECVALUES" MODIFY ("VALUE" NOT NULL ENABLE);
  ALTER TABLE "ITSTOCK"."ITEMSPECVALUES" ADD CONSTRAINT "ITEMSPECVALUES_PK" PRIMARY KEY ("ID")
  USING INDEX PCTFREE 10 INITRANS 2 MAXTRANS 255 COMPUTE STATISTICS 
  STORAGE(INITIAL 65536 NEXT 1048576 MINEXTENTS 1 MAXEXTENTS 2147483645
  PCTINCREASE 0 FREELISTS 1 FREELIST GROUPS 1
  BUFFER_POOL DEFAULT FLASH_CACHE DEFAULT CELL_FLASH_CACHE DEFAULT)
  TABLESPACE "USERS"  ENABLE;
  ALTER TABLE "ITSTOCK"."ITEMSPECVALUES" MODIFY ("ID" NOT NULL ENABLE);
--------------------------------------------------------
--  Constraints for Table METHODS
--------------------------------------------------------

  ALTER TABLE "ITSTOCK"."METHODS" ADD CONSTRAINT "METHODS_NAME_UNIQUE" UNIQUE ("NAME")
  USING INDEX PCTFREE 10 INITRANS 2 MAXTRANS 255 COMPUTE STATISTICS 
  STORAGE(INITIAL 65536 NEXT 1048576 MINEXTENTS 1 MAXEXTENTS 2147483645
  PCTINCREASE 0 FREELISTS 1 FREELIST GROUPS 1
  BUFFER_POOL DEFAULT FLASH_CACHE DEFAULT CELL_FLASH_CACHE DEFAULT)
  TABLESPACE "USERS"  ENABLE;
  ALTER TABLE "ITSTOCK"."METHODS" ADD CONSTRAINT "METHODS_PK" PRIMARY KEY ("ID")
  USING INDEX PCTFREE 10 INITRANS 2 MAXTRANS 255 COMPUTE STATISTICS 
  STORAGE(INITIAL 65536 NEXT 1048576 MINEXTENTS 1 MAXEXTENTS 2147483645
  PCTINCREASE 0 FREELISTS 1 FREELIST GROUPS 1
  BUFFER_POOL DEFAULT FLASH_CACHE DEFAULT CELL_FLASH_CACHE DEFAULT)
  TABLESPACE "USERS"  ENABLE;
  ALTER TABLE "ITSTOCK"."METHODS" MODIFY ("ID" NOT NULL ENABLE);
--------------------------------------------------------
--  Constraints for Table TYPES
--------------------------------------------------------

  ALTER TABLE "ITSTOCK"."TYPES" ADD CONSTRAINT "TYPES_NAME_UNIQUE" UNIQUE ("NAME")
  USING INDEX PCTFREE 10 INITRANS 2 MAXTRANS 255 COMPUTE STATISTICS 
  STORAGE(INITIAL 65536 NEXT 1048576 MINEXTENTS 1 MAXEXTENTS 2147483645
  PCTINCREASE 0 FREELISTS 1 FREELIST GROUPS 1
  BUFFER_POOL DEFAULT FLASH_CACHE DEFAULT CELL_FLASH_CACHE DEFAULT)
  TABLESPACE "USERS"  ENABLE;
  ALTER TABLE "ITSTOCK"."TYPES" ADD CONSTRAINT "TYPES_PK" PRIMARY KEY ("ID")
  USING INDEX PCTFREE 10 INITRANS 2 MAXTRANS 255 COMPUTE STATISTICS 
  STORAGE(INITIAL 65536 NEXT 1048576 MINEXTENTS 1 MAXEXTENTS 2147483645
  PCTINCREASE 0 FREELISTS 1 FREELIST GROUPS 1
  BUFFER_POOL DEFAULT FLASH_CACHE DEFAULT CELL_FLASH_CACHE DEFAULT)
  TABLESPACE "USERS"  ENABLE;
  ALTER TABLE "ITSTOCK"."TYPES" MODIFY ("ID" NOT NULL ENABLE);
--------------------------------------------------------
--  Constraints for Table CLIENTS
--------------------------------------------------------

  ALTER TABLE "ITSTOCK"."CLIENTS" ADD CONSTRAINT "CLIENTS_NAME_UNIQUE" UNIQUE ("NAME")
  USING INDEX PCTFREE 10 INITRANS 2 MAXTRANS 255 COMPUTE STATISTICS 
  STORAGE(INITIAL 65536 NEXT 1048576 MINEXTENTS 1 MAXEXTENTS 2147483645
  PCTINCREASE 0 FREELISTS 1 FREELIST GROUPS 1
  BUFFER_POOL DEFAULT FLASH_CACHE DEFAULT CELL_FLASH_CACHE DEFAULT)
  TABLESPACE "USERS"  ENABLE;
  ALTER TABLE "ITSTOCK"."CLIENTS" ADD CONSTRAINT "CLIENTS_PK" PRIMARY KEY ("ID")
  USING INDEX PCTFREE 10 INITRANS 2 MAXTRANS 255 COMPUTE STATISTICS 
  STORAGE(INITIAL 65536 NEXT 1048576 MINEXTENTS 1 MAXEXTENTS 2147483645
  PCTINCREASE 0 FREELISTS 1 FREELIST GROUPS 1
  BUFFER_POOL DEFAULT FLASH_CACHE DEFAULT CELL_FLASH_CACHE DEFAULT)
  TABLESPACE "USERS"  ENABLE;
  ALTER TABLE "ITSTOCK"."CLIENTS" MODIFY ("ID" NOT NULL ENABLE);
--------------------------------------------------------
--  Constraints for Table ITEMS
--------------------------------------------------------

  ALTER TABLE "ITSTOCK"."ITEMS" ADD CONSTRAINT "ITEMS_LABEL_UNIQUE" UNIQUE ("LABEL")
  USING INDEX PCTFREE 10 INITRANS 2 MAXTRANS 255 COMPUTE STATISTICS 
  STORAGE(INITIAL 65536 NEXT 1048576 MINEXTENTS 1 MAXEXTENTS 2147483645
  PCTINCREASE 0 FREELISTS 1 FREELIST GROUPS 1
  BUFFER_POOL DEFAULT FLASH_CACHE DEFAULT CELL_FLASH_CACHE DEFAULT)
  TABLESPACE "USERS"  ENABLE;
  ALTER TABLE "ITSTOCK"."ITEMS" MODIFY ("TYPE_ID" NOT NULL ENABLE);
  ALTER TABLE "ITSTOCK"."ITEMS" MODIFY ("DELETED" NOT NULL ENABLE);
  ALTER TABLE "ITSTOCK"."ITEMS" ADD CONSTRAINT "ITEMS_PK" PRIMARY KEY ("ID")
  USING INDEX PCTFREE 10 INITRANS 2 MAXTRANS 255 COMPUTE STATISTICS 
  STORAGE(INITIAL 65536 NEXT 1048576 MINEXTENTS 1 MAXEXTENTS 2147483645
  PCTINCREASE 0 FREELISTS 1 FREELIST GROUPS 1
  BUFFER_POOL DEFAULT FLASH_CACHE DEFAULT CELL_FLASH_CACHE DEFAULT)
  TABLESPACE "USERS"  ENABLE;
  ALTER TABLE "ITSTOCK"."ITEMS" MODIFY ("ID" NOT NULL ENABLE);
--------------------------------------------------------
--  Constraints for Table SPECS
--------------------------------------------------------

  ALTER TABLE "ITSTOCK"."SPECS" ADD CONSTRAINT "SPECS_NAME_UNIQUE" UNIQUE ("NAME")
  USING INDEX PCTFREE 10 INITRANS 2 MAXTRANS 255 COMPUTE STATISTICS 
  STORAGE(INITIAL 65536 NEXT 1048576 MINEXTENTS 1 MAXEXTENTS 2147483645
  PCTINCREASE 0 FREELISTS 1 FREELIST GROUPS 1
  BUFFER_POOL DEFAULT FLASH_CACHE DEFAULT CELL_FLASH_CACHE DEFAULT)
  TABLESPACE "USERS"  ENABLE;
  ALTER TABLE "ITSTOCK"."SPECS" ADD CONSTRAINT "SPECS_PK" PRIMARY KEY ("ID")
  USING INDEX PCTFREE 10 INITRANS 2 MAXTRANS 255 COMPUTE STATISTICS 
  STORAGE(INITIAL 65536 NEXT 1048576 MINEXTENTS 1 MAXEXTENTS 2147483645
  PCTINCREASE 0 FREELISTS 1 FREELIST GROUPS 1
  BUFFER_POOL DEFAULT FLASH_CACHE DEFAULT CELL_FLASH_CACHE DEFAULT)
  TABLESPACE "USERS"  ENABLE;
  ALTER TABLE "ITSTOCK"."SPECS" MODIFY ("ID" NOT NULL ENABLE);
--------------------------------------------------------
--  Constraints for Table ACCESS_GROUPS
--------------------------------------------------------

  ALTER TABLE "ITSTOCK"."ACCESS_GROUPS" ADD CONSTRAINT "ACCESS_GROUP_NAME" UNIQUE ("NAME")
  USING INDEX PCTFREE 10 INITRANS 2 MAXTRANS 255 COMPUTE STATISTICS 
  STORAGE(INITIAL 65536 NEXT 1048576 MINEXTENTS 1 MAXEXTENTS 2147483645
  PCTINCREASE 0 FREELISTS 1 FREELIST GROUPS 1
  BUFFER_POOL DEFAULT FLASH_CACHE DEFAULT CELL_FLASH_CACHE DEFAULT)
  TABLESPACE "USERS"  ENABLE;
  ALTER TABLE "ITSTOCK"."ACCESS_GROUPS" ADD CONSTRAINT "ACCESS_GROUPS_PK" PRIMARY KEY ("ID")
  USING INDEX PCTFREE 10 INITRANS 2 MAXTRANS 255 COMPUTE STATISTICS 
  STORAGE(INITIAL 65536 NEXT 1048576 MINEXTENTS 1 MAXEXTENTS 2147483645
  PCTINCREASE 0 FREELISTS 1 FREELIST GROUPS 1
  BUFFER_POOL DEFAULT FLASH_CACHE DEFAULT CELL_FLASH_CACHE DEFAULT)
  TABLESPACE "USERS"  ENABLE;
  ALTER TABLE "ITSTOCK"."ACCESS_GROUPS" MODIFY ("ID" NOT NULL ENABLE);
--------------------------------------------------------
--  Constraints for Table ITEM_CONDITIONS
--------------------------------------------------------

  ALTER TABLE "ITSTOCK"."ITEM_CONDITIONS" ADD CONSTRAINT "NAME_UNIQUE" UNIQUE ("NAME")
  USING INDEX PCTFREE 10 INITRANS 2 MAXTRANS 255 COMPUTE STATISTICS 
  STORAGE(INITIAL 65536 NEXT 1048576 MINEXTENTS 1 MAXEXTENTS 2147483645
  PCTINCREASE 0 FREELISTS 1 FREELIST GROUPS 1
  BUFFER_POOL DEFAULT FLASH_CACHE DEFAULT CELL_FLASH_CACHE DEFAULT)
  TABLESPACE "USERS"  ENABLE;
  ALTER TABLE "ITSTOCK"."ITEM_CONDITIONS" MODIFY ("NAME" NOT NULL ENABLE);
  ALTER TABLE "ITSTOCK"."ITEM_CONDITIONS" ADD CONSTRAINT "ITEM_CONDITIONS_PK" PRIMARY KEY ("ID")
  USING INDEX PCTFREE 10 INITRANS 2 MAXTRANS 255 COMPUTE STATISTICS 
  STORAGE(INITIAL 65536 NEXT 1048576 MINEXTENTS 1 MAXEXTENTS 2147483645
  PCTINCREASE 0 FREELISTS 1 FREELIST GROUPS 1
  BUFFER_POOL DEFAULT FLASH_CACHE DEFAULT CELL_FLASH_CACHE DEFAULT)
  TABLESPACE "USERS"  ENABLE;
  ALTER TABLE "ITSTOCK"."ITEM_CONDITIONS" MODIFY ("ID" NOT NULL ENABLE);
--------------------------------------------------------
--  Constraints for Table TYPES_TYPES
--------------------------------------------------------

  ALTER TABLE "ITSTOCK"."TYPES_TYPES" ADD CONSTRAINT "TYPES_TYPES_PK" PRIMARY KEY ("ID")
  USING INDEX PCTFREE 10 INITRANS 2 MAXTRANS 255 COMPUTE STATISTICS 
  TABLESPACE "USERS"  ENABLE;
  ALTER TABLE "ITSTOCK"."TYPES_TYPES" MODIFY ("ID" NOT NULL ENABLE);
--------------------------------------------------------
--  Ref Constraints for Table ACCESS_GROUPS_METHODS
--------------------------------------------------------

  ALTER TABLE "ITSTOCK"."ACCESS_GROUPS_METHODS" ADD CONSTRAINT "ACCESS_GROUP_FK" FOREIGN KEY ("ACCESS_GROUP_ID")
	  REFERENCES "ITSTOCK"."ACCESS_GROUPS" ("ID") ENABLE;
  ALTER TABLE "ITSTOCK"."ACCESS_GROUPS_METHODS" ADD CONSTRAINT "METHOD_FK" FOREIGN KEY ("METHOD_ID")
	  REFERENCES "ITSTOCK"."METHODS" ("ID") ENABLE;
--------------------------------------------------------
--  Ref Constraints for Table ADMINS
--------------------------------------------------------

  ALTER TABLE "ITSTOCK"."ADMINS" ADD CONSTRAINT "USER_ACCESS_GROUP_FK" FOREIGN KEY ("ACCESS_GROUP_ID")
	  REFERENCES "ITSTOCK"."ACCESS_GROUPS" ("ID") ENABLE;
--------------------------------------------------------
--  Ref Constraints for Table ITEMS
--------------------------------------------------------

  ALTER TABLE "ITSTOCK"."ITEMS" ADD CONSTRAINT "CURRENT_LOCATION_FK" FOREIGN KEY ("CURRENT_LOCATION_ID")
	  REFERENCES "ITSTOCK"."REMOTE_LOCATIONS" ("ID") ENABLE;
  ALTER TABLE "ITSTOCK"."ITEMS" ADD CONSTRAINT "ITEM_BRAND_FK" FOREIGN KEY ("BRAND_ID")
	  REFERENCES "ITSTOCK"."BRANDS" ("ID") ENABLE;
  ALTER TABLE "ITSTOCK"."ITEMS" ADD CONSTRAINT "ITEM_LOCATION_FK" FOREIGN KEY ("LOCATION_ID")
	  REFERENCES "ITSTOCK"."LOCATIONS" ("ID") ENABLE;
  ALTER TABLE "ITSTOCK"."ITEMS" ADD CONSTRAINT "ITEM_TYPE_FK" FOREIGN KEY ("TYPE_ID")
	  REFERENCES "ITSTOCK"."TYPES" ("ID") ENABLE;
--------------------------------------------------------
--  Ref Constraints for Table ITEMSPECVALUES
--------------------------------------------------------

  ALTER TABLE "ITSTOCK"."ITEMSPECVALUES" ADD CONSTRAINT "ITEMSPECVALUE_ITEM_FK" FOREIGN KEY ("ITEM_ID")
	  REFERENCES "ITSTOCK"."ITEMS" ("ID") ENABLE;
  ALTER TABLE "ITSTOCK"."ITEMSPECVALUES" ADD CONSTRAINT "ITEMSPECVALUE_SPEC_FK" FOREIGN KEY ("SPEC_ID")
	  REFERENCES "ITSTOCK"."SPECS" ("ID") ENABLE;
--------------------------------------------------------
--  Ref Constraints for Table RECEIPTS
--------------------------------------------------------

  ALTER TABLE "ITSTOCK"."RECEIPTS" ADD CONSTRAINT "RECEIPT_CLIENT_FK" FOREIGN KEY ("CLIENT_ID")
	  REFERENCES "ITSTOCK"."CLIENTS" ("ID") ENABLE;
--------------------------------------------------------
--  Ref Constraints for Table RECORDS
--------------------------------------------------------

  ALTER TABLE "ITSTOCK"."RECORDS" ADD CONSTRAINT "RECORD_BORROWER_FK" FOREIGN KEY ("CLIENT_BORROWER_ID")
	  REFERENCES "ITSTOCK"."CLIENTS" ("ID") ENABLE;
  ALTER TABLE "ITSTOCK"."RECORDS" ADD CONSTRAINT "RECORD_CHECKER_FK" FOREIGN KEY ("ADMIN_CHECKER_ID")
	  REFERENCES "ITSTOCK"."ADMINS" ("ID") ENABLE;
  ALTER TABLE "ITSTOCK"."RECORDS" ADD CONSTRAINT "RECORD_RECEIPT_FK" FOREIGN KEY ("RECEIPT_ID")
	  REFERENCES "ITSTOCK"."RECEIPTS" ("ID") ENABLE;
  ALTER TABLE "ITSTOCK"."RECORDS" ADD CONSTRAINT "RECORD_RECEIVER_FK" FOREIGN KEY ("ADMIN_RECEIVER_ID")
	  REFERENCES "ITSTOCK"."ADMINS" ("ID") ENABLE;
  ALTER TABLE "ITSTOCK"."RECORDS" ADD CONSTRAINT "RECORD_RETURNER_FK" FOREIGN KEY ("CLIENT_RETURNER_ID")
	  REFERENCES "ITSTOCK"."CLIENTS" ("ID") ENABLE;
--------------------------------------------------------
--  Ref Constraints for Table SPECS_TYPES
--------------------------------------------------------

  ALTER TABLE "ITSTOCK"."SPECS_TYPES" ADD CONSTRAINT "SPEC_FK" FOREIGN KEY ("SPEC_ID")
	  REFERENCES "ITSTOCK"."SPECS" ("ID") ENABLE;
  ALTER TABLE "ITSTOCK"."SPECS_TYPES" ADD CONSTRAINT "TYPE_FK" FOREIGN KEY ("TYPE_ID")
	  REFERENCES "ITSTOCK"."TYPES" ("ID") ENABLE;
